date,day,quarter,package,browser_rum_downloads
2021-07-01,2021-07-01,2021Q3,@datadog/browser-rum,41986
2021-07-02,2021-07-02,2021Q3,@datadog/browser-rum,33088
2021-07-03,2021-07-03,2021Q3,@datadog/browser-rum,2665
2021-07-04,2021-07-04,2021Q3,@datadog/browser-rum,3031
2021-07-05,2021-07-05,2021Q3,@datadog/browser-rum,24464
2021-07-06,2021-07-06,2021Q3,@datadog/browser-rum,40366
2021-07-07,2021-07-07,2021Q3,@datadog/browser-rum,45313
2021-07-08,2021-07-08,2021Q3,@datadog/browser-rum,44913
2021-07-09,2021-07-09,2021Q3,@datadog/browser-rum,37136
2021-07-10,2021-07-10,2021Q3,@datadog/browser-rum,3362
2021-07-11,2021-07-11,2021Q3,@datadog/browser-rum,3233
2021-07-12,2021-07-12,2021Q3,@datadog/browser-rum,40910
2021-07-13,2021-07-13,2021Q3,@datadog/browser-rum,44301
2021-07-14,2021-07-14,2021Q3,@datadog/browser-rum,42159
2021-07-15,2021-07-15,2021Q3,@datadog/browser-rum,42758
2021-07-16,2021-07-16,2021Q3,@datadog/browser-rum,36186
2021-07-17,2021-07-17,2021Q3,@datadog/browser-rum,3736
2021-07-18,2021-07-18,2021Q3,@datadog/browser-rum,3937
2021-07-19,2021-07-19,2021Q3,@datadog/browser-rum,40966
2021-07-20,2021-07-20,2021Q3,@datadog/browser-rum,41876
2021-07-21,2021-07-21,2021Q3,@datadog/browser-rum,45914
2021-07-22,2021-07-22,2021Q3,@datadog/browser-rum,42485
2021-07-23,2021-07-23,2021Q3,@datadog/browser-rum,36694
2021-07-24,2021-07-24,2021Q3,@datadog/browser-rum,4719
2021-07-25,2021-07-25,2021Q3,@datadog/browser-rum,3814
2021-07-26,2021-07-26,2021Q3,@datadog/browser-rum,44565
2021-07-27,2021-07-27,2021Q3,@datadog/browser-rum,45121
2021-07-28,2021-07-28,2021Q3,@datadog/browser-rum,45260
2021-07-29,2021-07-29,2021Q3,@datadog/browser-rum,48559
2021-07-30,2021-07-30,2021Q3,@datadog/browser-rum,41460
2021-07-31,2021-07-31,2021Q3,@datadog/browser-rum,5862
2021-08-01,2021-08-01,2021Q3,@datadog/browser-rum,5390
2021-08-02,2021-08-02,2021Q3,@datadog/browser-rum,42520
2021-08-03,2021-08-03,2021Q3,@datadog/browser-rum,45407
2021-08-04,2021-08-04,2021Q3,@datadog/browser-rum,45479
2021-08-05,2021-08-05,2021Q3,@datadog/browser-rum,44638
2021-08-06,2021-08-06,2021Q3,@datadog/browser-rum,36496
2021-08-07,2021-08-07,2021Q3,@datadog/browser-rum,4131
2021-08-08,2021-08-08,2021Q3,@datadog/browser-rum,4101
2021-08-09,2021-08-09,2021Q3,@datadog/browser-rum,41756
2021-08-10,2021-08-10,2021Q3,@datadog/browser-rum,46058
2021-08-11,2021-08-11,2021Q3,@datadog/browser-rum,49500
2021-08-12,2021-08-12,2021Q3,@datadog/browser-rum,46426
2021-08-13,2021-08-13,2021Q3,@datadog/browser-rum,40309
2021-08-14,2021-08-14,2021Q3,@datadog/browser-rum,4645
2021-08-15,2021-08-15,2021Q3,@datadog/browser-rum,4871
2021-08-16,2021-08-16,2021Q3,@datadog/browser-rum,45618
2021-08-17,2021-08-17,2021Q3,@datadog/browser-rum,50038
2021-08-18,2021-08-18,2021Q3,@datadog/browser-rum,50472
2021-08-19,2021-08-19,2021Q3,@datadog/browser-rum,49541
2021-08-20,2021-08-20,2021Q3,@datadog/browser-rum,41981
2021-08-21,2021-08-21,2021Q3,@datadog/browser-rum,4108
2021-08-22,2021-08-22,2021Q3,@datadog/browser-rum,3526
2021-08-23,2021-08-23,2021Q3,@datadog/browser-rum,45666
2021-08-24,2021-08-24,2021Q3,@datadog/browser-rum,48073
2021-08-25,2021-08-25,2021Q3,@datadog/browser-rum,51920
2021-08-26,2021-08-26,2021Q3,@datadog/browser-rum,51274
2021-08-27,2021-08-27,2021Q3,@datadog/browser-rum,41809
2021-08-28,2021-08-28,2021Q3,@datadog/browser-rum,5738
2021-08-29,2021-08-29,2021Q3,@datadog/browser-rum,4545
2021-08-30,2021-08-30,2021Q3,@datadog/browser-rum,47752
2021-08-31,2021-08-31,2021Q3,@datadog/browser-rum,57361
2021-09-01,2021-09-01,2021Q3,@datadog/browser-rum,56372
2021-09-02,2021-09-02,2021Q3,@datadog/browser-rum,53394
2021-09-03,2021-09-03,2021Q3,@datadog/browser-rum,42677
2021-09-04,2021-09-04,2021Q3,@datadog/browser-rum,4419
2021-09-05,2021-09-05,2021Q3,@datadog/browser-rum,4480
2021-09-06,2021-09-06,2021Q3,@datadog/browser-rum,31583
2021-09-07,2021-09-07,2021Q3,@datadog/browser-rum,49965
2021-09-08,2021-09-08,2021Q3,@datadog/browser-rum,55087
2021-09-09,2021-09-09,2021Q3,@datadog/browser-rum,57690
2021-09-10,2021-09-10,2021Q3,@datadog/browser-rum,51763
2021-09-11,2021-09-11,2021Q3,@datadog/browser-rum,5847
2021-09-12,2021-09-12,2021Q3,@datadog/browser-rum,4770
2021-09-13,2021-09-13,2021Q3,@datadog/browser-rum,56283
2021-09-14,2021-09-14,2021Q3,@datadog/browser-rum,57743
2021-09-15,2021-09-15,2021Q3,@datadog/browser-rum,54998
2021-09-16,2021-09-16,2021Q3,@datadog/browser-rum,58610
2021-09-17,2021-09-17,2021Q3,@datadog/browser-rum,47968
2021-09-18,2021-09-18,2021Q3,@datadog/browser-rum,5406
2021-09-19,2021-09-19,2021Q3,@datadog/browser-rum,5153
2021-09-20,2021-09-20,2021Q3,@datadog/browser-rum,53426
2021-09-21,2021-09-21,2021Q3,@datadog/browser-rum,56968
2021-09-22,2021-09-22,2021Q3,@datadog/browser-rum,56509
2021-09-23,2021-09-23,2021Q3,@datadog/browser-rum,62346
2021-09-24,2021-09-24,2021Q3,@datadog/browser-rum,52877
2021-09-25,2021-09-25,2021Q3,@datadog/browser-rum,7414
2021-09-26,2021-09-26,2021Q3,@datadog/browser-rum,7826
2021-09-27,2021-09-27,2021Q3,@datadog/browser-rum,61648
2021-09-28,2021-09-28,2021Q3,@datadog/browser-rum,64208
2021-09-29,2021-09-29,2021Q3,@datadog/browser-rum,66358
2021-09-30,2021-09-30,2021Q3,@datadog/browser-rum,64327
2021-10-01,2021-10-01,2021Q4,@datadog/browser-rum,54710
2021-10-02,2021-10-02,2021Q4,@datadog/browser-rum,8155
2021-10-03,2021-10-03,2021Q4,@datadog/browser-rum,8531
2021-10-04,2021-10-04,2021Q4,@datadog/browser-rum,65195
2021-10-05,2021-10-05,2021Q4,@datadog/browser-rum,66129
2021-10-06,2021-10-06,2021Q4,@datadog/browser-rum,70355
2021-10-07,2021-10-07,2021Q4,@datadog/browser-rum,71451
2021-10-08,2021-10-08,2021Q4,@datadog/browser-rum,51947
2021-10-09,2021-10-09,2021Q4,@datadog/browser-rum,5899
2021-10-10,2021-10-10,2021Q4,@datadog/browser-rum,5429
2021-10-11,2021-10-11,2021Q4,@datadog/browser-rum,55380
2021-10-12,2021-10-12,2021Q4,@datadog/browser-rum,65353
2021-10-13,2021-10-13,2021Q4,@datadog/browser-rum,93300
2021-10-14,2021-10-14,2021Q4,@datadog/browser-rum,85149
2021-10-15,2021-10-15,2021Q4,@datadog/browser-rum,75415
2021-10-16,2021-10-16,2021Q4,@datadog/browser-rum,7559
2021-10-17,2021-10-17,2021Q4,@datadog/browser-rum,7073
2021-10-18,2021-10-18,2021Q4,@datadog/browser-rum,84851
2021-10-19,2021-10-19,2021Q4,@datadog/browser-rum,92221
2021-10-20,2021-10-20,2021Q4,@datadog/browser-rum,93040
2021-10-21,2021-10-21,2021Q4,@datadog/browser-rum,97362
2021-10-22,2021-10-22,2021Q4,@datadog/browser-rum,78953
2021-10-23,2021-10-23,2021Q4,@datadog/browser-rum,8608
2021-10-24,2021-10-24,2021Q4,@datadog/browser-rum,9348
2021-10-25,2021-10-25,2021Q4,@datadog/browser-rum,90648
2021-10-26,2021-10-26,2021Q4,@datadog/browser-rum,98467
2021-10-27,2021-10-27,2021Q4,@datadog/browser-rum,101110
2021-10-28,2021-10-28,2021Q4,@datadog/browser-rum,92879
2021-10-29,2021-10-29,2021Q4,@datadog/browser-rum,80182
2021-10-30,2021-10-30,2021Q4,@datadog/browser-rum,9769
2021-10-31,2021-10-31,2021Q4,@datadog/browser-rum,8242
2021-11-01,2021-11-01,2021Q4,@datadog/browser-rum,81255
2021-11-02,2021-11-02,2021Q4,@datadog/browser-rum,95664
2021-11-03,2021-11-03,2021Q4,@datadog/browser-rum,100842
2021-11-04,2021-11-04,2021Q4,@datadog/browser-rum,99849
2021-11-05,2021-11-05,2021Q4,@datadog/browser-rum,98250
2021-11-06,2021-11-06,2021Q4,@datadog/browser-rum,14524
2021-11-07,2021-11-07,2021Q4,@datadog/browser-rum,14398
2021-11-08,2021-11-08,2021Q4,@datadog/browser-rum,97464
2021-11-09,2021-11-09,2021Q4,@datadog/browser-rum,110773
2021-11-10,2021-11-10,2021Q4,@datadog/browser-rum,106150
2021-11-11,2021-11-11,2021Q4,@datadog/browser-rum,80559
2021-11-12,2021-11-12,2021Q4,@datadog/browser-rum,82413
2021-11-13,2021-11-13,2021Q4,@datadog/browser-rum,10948
2021-11-14,2021-11-14,2021Q4,@datadog/browser-rum,9002
2021-11-15,2021-11-15,2021Q4,@datadog/browser-rum,105903
2021-11-16,2021-11-16,2021Q4,@datadog/browser-rum,118111
2021-11-17,2021-11-17,2021Q4,@datadog/browser-rum,99523
2021-11-18,2021-11-18,2021Q4,@datadog/browser-rum,99650
2021-11-19,2021-11-19,2021Q4,@datadog/browser-rum,91953
2021-11-20,2021-11-20,2021Q4,@datadog/browser-rum,12199
2021-11-21,2021-11-21,2021Q4,@datadog/browser-rum,9080
2021-11-22,2021-11-22,2021Q4,@datadog/browser-rum,90852
2021-11-23,2021-11-23,2021Q4,@datadog/browser-rum,93147
2021-11-24,2021-11-24,2021Q4,@datadog/browser-rum,87807
2021-11-25,2021-11-25,2021Q4,@datadog/browser-rum,60913
2021-11-26,2021-11-26,2021Q4,@datadog/browser-rum,42773
2021-11-27,2021-11-27,2021Q4,@datadog/browser-rum,7068
2021-11-28,2021-11-28,2021Q4,@datadog/browser-rum,9790
2021-11-29,2021-11-29,2021Q4,@datadog/browser-rum,117309
2021-11-30,2021-11-30,2021Q4,@datadog/browser-rum,117885
2021-12-01,2021-12-01,2021Q4,@datadog/browser-rum,121568
2021-12-02,2021-12-02,2021Q4,@datadog/browser-rum,112222
2021-12-03,2021-12-03,2021Q4,@datadog/browser-rum,98553
2021-12-04,2021-12-04,2021Q4,@datadog/browser-rum,11310
2021-12-05,2021-12-05,2021Q4,@datadog/browser-rum,7093
2021-12-06,2021-12-06,2021Q4,@datadog/browser-rum,104899
2021-12-07,2021-12-07,2021Q4,@datadog/browser-rum,109505
2021-12-08,2021-12-08,2021Q4,@datadog/browser-rum,128636
2021-12-09,2021-12-09,2021Q4,@datadog/browser-rum,124623
2021-12-10,2021-12-10,2021Q4,@datadog/browser-rum,104174
2021-12-11,2021-12-11,2021Q4,@datadog/browser-rum,16794
2021-12-12,2021-12-12,2021Q4,@datadog/browser-rum,10358
2021-12-13,2021-12-13,2021Q4,@datadog/browser-rum,110010
2021-12-14,2021-12-14,2021Q4,@datadog/browser-rum,121394
2021-12-15,2021-12-15,2021Q4,@datadog/browser-rum,124028
2021-12-16,2021-12-16,2021Q4,@datadog/browser-rum,110470
2021-12-17,2021-12-17,2021Q4,@datadog/browser-rum,94454
2021-12-18,2021-12-18,2021Q4,@datadog/browser-rum,13007
2021-12-19,2021-12-19,2021Q4,@datadog/browser-rum,6902
2021-12-20,2021-12-20,2021Q4,@datadog/browser-rum,87038
2021-12-21,2021-12-21,2021Q4,@datadog/browser-rum,99236
2021-12-22,2021-12-22,2021Q4,@datadog/browser-rum,84484
2021-12-23,2021-12-23,2021Q4,@datadog/browser-rum,68763
2021-12-24,2021-12-24,2021Q4,@datadog/browser-rum,26402
2021-12-25,2021-12-25,2021Q4,@datadog/browser-rum,3794
2021-12-26,2021-12-26,2021Q4,@datadog/browser-rum,4986
2021-12-27,2021-12-27,2021Q4,@datadog/browser-rum,39702
2021-12-28,2021-12-28,2021Q4,@datadog/browser-rum,50509
2021-12-29,2021-12-29,2021Q4,@datadog/browser-rum,55112
2021-12-30,2021-12-30,2021Q4,@datadog/browser-rum,46733
2021-12-31,2021-12-31,2021Q4,@datadog/browser-rum,23377
2022-01-01,2022-01-01,2022Q1,@datadog/browser-rum,4799
2022-01-02,2022-01-02,2022Q1,@datadog/browser-rum,5438
2022-01-03,2022-01-03,2022Q1,@datadog/browser-rum,50839
2022-01-04,2022-01-04,2022Q1,@datadog/browser-rum,94784
2022-01-05,2022-01-05,2022Q1,@datadog/browser-rum,108624
2022-01-06,2022-01-06,2022Q1,@datadog/browser-rum,106422
2022-01-07,2022-01-07,2022Q1,@datadog/browser-rum,89960
2022-01-08,2022-01-08,2022Q1,@datadog/browser-rum,13419
2022-01-09,2022-01-09,2022Q1,@datadog/browser-rum,8652
2022-01-10,2022-01-10,2022Q1,@datadog/browser-rum,103216
2022-01-11,2022-01-11,2022Q1,@datadog/browser-rum,128158
2022-01-12,2022-01-12,2022Q1,@datadog/browser-rum,127019
2022-01-13,2022-01-13,2022Q1,@datadog/browser-rum,124481
2022-01-14,2022-01-14,2022Q1,@datadog/browser-rum,104629
2022-01-15,2022-01-15,2022Q1,@datadog/browser-rum,12396
2022-01-16,2022-01-16,2022Q1,@datadog/browser-rum,8497
2022-01-17,2022-01-17,2022Q1,@datadog/browser-rum,72274
2022-01-18,2022-01-18,2022Q1,@datadog/browser-rum,115250
2022-01-19,2022-01-19,2022Q1,@datadog/browser-rum,129353
2022-01-20,2022-01-20,2022Q1,@datadog/browser-rum,121372
2022-01-21,2022-01-21,2022Q1,@datadog/browser-rum,109150
2022-01-22,2022-01-22,2022Q1,@datadog/browser-rum,13252
2022-01-23,2022-01-23,2022Q1,@datadog/browser-rum,8375
2022-01-24,2022-01-24,2022Q1,@datadog/browser-rum,120198
2022-01-25,2022-01-25,2022Q1,@datadog/browser-rum,127421
2022-01-26,2022-01-26,2022Q1,@datadog/browser-rum,121288
2022-01-27,2022-01-27,2022Q1,@datadog/browser-rum,131437
2022-01-28,2022-01-28,2022Q1,@datadog/browser-rum,117031
2022-01-29,2022-01-29,2022Q1,@datadog/browser-rum,19285
2022-01-30,2022-01-30,2022Q1,@datadog/browser-rum,11205
2022-01-31,2022-01-31,2022Q1,@datadog/browser-rum,108324
2022-02-01,2022-02-01,2022Q1,@datadog/browser-rum,137540
2022-02-02,2022-02-02,2022Q1,@datadog/browser-rum,131468
2022-02-03,2022-02-03,2022Q1,@datadog/browser-rum,138509
2022-02-04,2022-02-04,2022Q1,@datadog/browser-rum,110886
2022-02-05,2022-02-05,2022Q1,@datadog/browser-rum,14090
2022-02-06,2022-02-06,2022Q1,@datadog/browser-rum,9287
2022-02-07,2022-02-07,2022Q1,@datadog/browser-rum,117673
2022-02-08,2022-02-08,2022Q1,@datadog/browser-rum,144262
2022-02-09,2022-02-09,2022Q1,@datadog/browser-rum,142831
2022-02-10,2022-02-10,2022Q1,@datadog/browser-rum,140999
2022-02-11,2022-02-11,2022Q1,@datadog/browser-rum,122857
2022-02-12,2022-02-12,2022Q1,@datadog/browser-rum,15730
2022-02-13,2022-02-13,2022Q1,@datadog/browser-rum,10466
2022-02-14,2022-02-14,2022Q1,@datadog/browser-rum,134561
2022-02-15,2022-02-15,2022Q1,@datadog/browser-rum,148930
2022-02-16,2022-02-16,2022Q1,@datadog/browser-rum,152002
2022-02-17,2022-02-17,2022Q1,@datadog/browser-rum,151023
2022-02-18,2022-02-18,2022Q1,@datadog/browser-rum,134029
2022-02-19,2022-02-19,2022Q1,@datadog/browser-rum,15379
2022-02-20,2022-02-20,2022Q1,@datadog/browser-rum,9469
2022-02-21,2022-02-21,2022Q1,@datadog/browser-rum,90222
2022-02-22,2022-02-22,2022Q1,@datadog/browser-rum,141098
2022-02-23,2022-02-23,2022Q1,@datadog/browser-rum,154341
2022-02-24,2022-02-24,2022Q1,@datadog/browser-rum,145480
2022-02-25,2022-02-25,2022Q1,@datadog/browser-rum,133355
2022-02-26,2022-02-26,2022Q1,@datadog/browser-rum,17089
2022-02-27,2022-02-27,2022Q1,@datadog/browser-rum,13434
2022-02-28,2022-02-28,2022Q1,@datadog/browser-rum,129840
2022-03-01,2022-03-01,2022Q1,@datadog/browser-rum,151647
2022-03-02,2022-03-02,2022Q1,@datadog/browser-rum,158848
2022-03-03,2022-03-03,2022Q1,@datadog/browser-rum,169873
2022-03-04,2022-03-04,2022Q1,@datadog/browser-rum,140200
2022-03-05,2022-03-05,2022Q1,@datadog/browser-rum,17029
2022-03-06,2022-03-06,2022Q1,@datadog/browser-rum,12229
2022-03-07,2022-03-07,2022Q1,@datadog/browser-rum,147200
2022-03-08,2022-03-08,2022Q1,@datadog/browser-rum,162755
2022-03-09,2022-03-09,2022Q1,@datadog/browser-rum,175981
2022-03-10,2022-03-10,2022Q1,@datadog/browser-rum,176003
2022-03-11,2022-03-11,2022Q1,@datadog/browser-rum,147852
2022-03-12,2022-03-12,2022Q1,@datadog/browser-rum,21774
2022-03-13,2022-03-13,2022Q1,@datadog/browser-rum,14826
2022-03-14,2022-03-14,2022Q1,@datadog/browser-rum,160157
2022-03-15,2022-03-15,2022Q1,@datadog/browser-rum,171096
2022-03-16,2022-03-16,2022Q1,@datadog/browser-rum,161240
2022-03-17,2022-03-17,2022Q1,@datadog/browser-rum,145780
2022-03-18,2022-03-18,2022Q1,@datadog/browser-rum,128536
2022-03-19,2022-03-19,2022Q1,@datadog/browser-rum,17651
2022-03-20,2022-03-20,2022Q1,@datadog/browser-rum,12899
2022-03-21,2022-03-21,2022Q1,@datadog/browser-rum,140295
2022-03-22,2022-03-22,2022Q1,@datadog/browser-rum,157403
2022-03-23,2022-03-23,2022Q1,@datadog/browser-rum,156506
2022-03-24,2022-03-24,2022Q1,@datadog/browser-rum,145255
2022-03-25,2022-03-25,2022Q1,@datadog/browser-rum,147773
2022-03-26,2022-03-26,2022Q1,@datadog/browser-rum,14676
2022-03-27,2022-03-27,2022Q1,@datadog/browser-rum,12417
2022-03-28,2022-03-28,2022Q1,@datadog/browser-rum,151825
2022-03-29,2022-03-29,2022Q1,@datadog/browser-rum,157765
2022-03-30,2022-03-30,2022Q1,@datadog/browser-rum,161101
2022-03-31,2022-03-31,2022Q1,@datadog/browser-rum,158386
2022-04-01,2022-04-01,2022Q2,@datadog/browser-rum,139977
2022-04-02,2022-04-02,2022Q2,@datadog/browser-rum,16500
2022-04-03,2022-04-03,2022Q2,@datadog/browser-rum,11188
2022-04-04,2022-04-04,2022Q2,@datadog/browser-rum,149927
2022-04-05,2022-04-05,2022Q2,@datadog/browser-rum,159810
2022-04-06,2022-04-06,2022Q2,@datadog/browser-rum,149875
2022-04-07,2022-04-07,2022Q2,@datadog/browser-rum,179380
2022-04-08,2022-04-08,2022Q2,@datadog/browser-rum,153534
2022-04-09,2022-04-09,2022Q2,@datadog/browser-rum,22070
2022-04-10,2022-04-10,2022Q2,@datadog/browser-rum,17783
2022-04-11,2022-04-11,2022Q2,@datadog/browser-rum,165368
2022-04-12,2022-04-12,2022Q2,@datadog/browser-rum,183435
2022-04-13,2022-04-13,2022Q2,@datadog/browser-rum,170996
2022-04-14,2022-04-14,2022Q2,@datadog/browser-rum,164982
2022-04-15,2022-04-15,2022Q2,@datadog/browser-rum,118432
2022-04-16,2022-04-16,2022Q2,@datadog/browser-rum,16810
2022-04-17,2022-04-17,2022Q2,@datadog/browser-rum,13250
2022-04-18,2022-04-18,2022Q2,@datadog/browser-rum,136069
2022-04-19,2022-04-19,2022Q2,@datadog/browser-rum,168986
2022-04-20,2022-04-20,2022Q2,@datadog/browser-rum,173391
2022-04-21,2022-04-21,2022Q2,@datadog/browser-rum,171329
2022-04-22,2022-04-22,2022Q2,@datadog/browser-rum,145844
2022-04-23,2022-04-23,2022Q2,@datadog/browser-rum,16961
2022-04-24,2022-04-24,2022Q2,@datadog/browser-rum,18605
2022-04-25,2022-04-25,2022Q2,@datadog/browser-rum,159328
2022-04-26,2022-04-26,2022Q2,@datadog/browser-rum,186064
2022-04-27,2022-04-27,2022Q2,@datadog/browser-rum,174064
2022-04-28,2022-04-28,2022Q2,@datadog/browser-rum,175959
2022-04-29,2022-04-29,2022Q2,@datadog/browser-rum,152700
2022-04-30,2022-04-30,2022Q2,@datadog/browser-rum,14721
2022-05-01,2022-05-01,2022Q2,@datadog/browser-rum,12761
2022-05-02,2022-05-02,2022Q2,@datadog/browser-rum,135177
2022-05-03,2022-05-03,2022Q2,@datadog/browser-rum,152665
2022-05-04,2022-05-04,2022Q2,@datadog/browser-rum,164829
2022-05-05,2022-05-05,2022Q2,@datadog/browser-rum,172807
2022-05-06,2022-05-06,2022Q2,@datadog/browser-rum,157784
2022-05-07,2022-05-07,2022Q2,@datadog/browser-rum,25505
2022-05-08,2022-05-08,2022Q2,@datadog/browser-rum,12113
2022-05-09,2022-05-09,2022Q2,@datadog/browser-rum,165677
2022-05-10,2022-05-10,2022Q2,@datadog/browser-rum,173720
2022-05-11,2022-05-11,2022Q2,@datadog/browser-rum,178238
2022-05-12,2022-05-12,2022Q2,@datadog/browser-rum,177590
2022-05-13,2022-05-13,2022Q2,@datadog/browser-rum,157694
2022-05-14,2022-05-14,2022Q2,@datadog/browser-rum,21300
2022-05-15,2022-05-15,2022Q2,@datadog/browser-rum,17062
2022-05-16,2022-05-16,2022Q2,@datadog/browser-rum,177994
2022-05-17,2022-05-17,2022Q2,@datadog/browser-rum,191540
2022-05-18,2022-05-18,2022Q2,@datadog/browser-rum,205219
2022-05-19,2022-05-19,2022Q2,@datadog/browser-rum,190789
2022-05-20,2022-05-20,2022Q2,@datadog/browser-rum,161008
2022-05-21,2022-05-21,2022Q2,@datadog/browser-rum,19401
2022-05-22,2022-05-22,2022Q2,@datadog/browser-rum,17819
2022-05-23,2022-05-23,2022Q2,@datadog/browser-rum,165031
2022-05-24,2022-05-24,2022Q2,@datadog/browser-rum,197960
2022-05-25,2022-05-25,2022Q2,@datadog/browser-rum,189809
2022-05-26,2022-05-26,2022Q2,@datadog/browser-rum,165621
2022-05-27,2022-05-27,2022Q2,@datadog/browser-rum,153541
2022-05-28,2022-05-28,2022Q2,@datadog/browser-rum,17710
2022-05-29,2022-05-29,2022Q2,@datadog/browser-rum,16075
2022-05-30,2022-05-30,2022Q2,@datadog/browser-rum,128912
2022-05-31,2022-05-31,2022Q2,@datadog/browser-rum,199519
2022-06-01,2022-06-01,2022Q2,@datadog/browser-rum,187416
2022-06-02,2022-06-02,2022Q2,@datadog/browser-rum,186785
2022-06-03,2022-06-03,2022Q2,@datadog/browser-rum,141578
2022-06-04,2022-06-04,2022Q2,@datadog/browser-rum,20733
2022-06-05,2022-06-05,2022Q2,@datadog/browser-rum,15723
2022-06-06,2022-06-06,2022Q2,@datadog/browser-rum,149676
2022-06-07,2022-06-07,2022Q2,@datadog/browser-rum,176949
2022-06-08,2022-06-08,2022Q2,@datadog/browser-rum,177316
2022-06-09,2022-06-09,2022Q2,@datadog/browser-rum,192113
2022-06-10,2022-06-10,2022Q2,@datadog/browser-rum,157616
2022-06-11,2022-06-11,2022Q2,@datadog/browser-rum,17399
2022-06-12,2022-06-12,2022Q2,@datadog/browser-rum,14311
2022-06-13,2022-06-13,2022Q2,@datadog/browser-rum,168486
2022-06-14,2022-06-14,2022Q2,@datadog/browser-rum,183377
2022-06-15,2022-06-15,2022Q2,@datadog/browser-rum,183881
2022-06-16,2022-06-16,2022Q2,@datadog/browser-rum,168016
2022-06-17,2022-06-17,2022Q2,@datadog/browser-rum,137180
2022-06-18,2022-06-18,2022Q2,@datadog/browser-rum,14236
2022-06-19,2022-06-19,2022Q2,@datadog/browser-rum,13471
2022-06-20,2022-06-20,2022Q2,@datadog/browser-rum,114855
2022-06-21,2022-06-21,2022Q2,@datadog/browser-rum,170099
2022-06-22,2022-06-22,2022Q2,@datadog/browser-rum,199614
2022-06-23,2022-06-23,2022Q2,@datadog/browser-rum,190608
2022-06-24,2022-06-24,2022Q2,@datadog/browser-rum,146879
2022-06-25,2022-06-25,2022Q2,@datadog/browser-rum,15210
2022-06-26,2022-06-26,2022Q2,@datadog/browser-rum,17003
2022-06-27,2022-06-27,2022Q2,@datadog/browser-rum,163371
2022-06-28,2022-06-28,2022Q2,@datadog/browser-rum,195638
2022-06-29,2022-06-29,2022Q2,@datadog/browser-rum,192331
2022-06-30,2022-06-30,2022Q2,@datadog/browser-rum,165873
2022-07-01,2022-07-01,2022Q3,@datadog/browser-rum,124787
2022-07-02,2022-07-02,2022Q3,@datadog/browser-rum,12902
2022-07-03,2022-07-03,2022Q3,@datadog/browser-rum,13818
2022-07-04,2022-07-04,2022Q3,@datadog/browser-rum,89611
2022-07-05,2022-07-05,2022Q3,@datadog/browser-rum,160782
2022-07-06,2022-07-06,2022Q3,@datadog/browser-rum,167647
2022-07-07,2022-07-07,2022Q3,@datadog/browser-rum,166973
2022-07-08,2022-07-08,2022Q3,@datadog/browser-rum,151115
2022-07-09,2022-07-09,2022Q3,@datadog/browser-rum,17505
2022-07-10,2022-07-10,2022Q3,@datadog/browser-rum,14916
2022-07-11,2022-07-11,2022Q3,@datadog/browser-rum,167785
2022-07-12,2022-07-12,2022Q3,@datadog/browser-rum,178516
2022-07-13,2022-07-13,2022Q3,@datadog/browser-rum,172196
2022-07-14,2022-07-14,2022Q3,@datadog/browser-rum,178954
2022-07-15,2022-07-15,2022Q3,@datadog/browser-rum,160611
2022-07-16,2022-07-16,2022Q3,@datadog/browser-rum,16298
2022-07-17,2022-07-17,2022Q3,@datadog/browser-rum,18298
2022-07-18,2022-07-18,2022Q3,@datadog/browser-rum,174666
2022-07-19,2022-07-19,2022Q3,@datadog/browser-rum,188571
2022-07-20,2022-07-20,2022Q3,@datadog/browser-rum,192556
2022-07-21,2022-07-21,2022Q3,@datadog/browser-rum,181734
2022-07-22,2022-07-22,2022Q3,@datadog/browser-rum,0
2022-07-23,2022-07-23,2022Q3,@datadog/browser-rum,17909
2022-07-24,2022-07-24,2022Q3,@datadog/browser-rum,16078
2022-07-25,2022-07-25,2022Q3,@datadog/browser-rum,174951
2022-07-26,2022-07-26,2022Q3,@datadog/browser-rum,190706
2022-07-27,2022-07-27,2022Q3,@datadog/browser-rum,199893
2022-07-28,2022-07-28,2022Q3,@datadog/browser-rum,200442
2022-07-29,2022-07-29,2022Q3,@datadog/browser-rum,163530
2022-07-30,2022-07-30,2022Q3,@datadog/browser-rum,20950
2022-07-31,2022-07-31,2022Q3,@datadog/browser-rum,17826
2022-08-01,2022-08-01,2022Q3,@datadog/browser-rum,173028
2022-08-02,2022-08-02,2022Q3,@datadog/browser-rum,201349
2022-08-03,2022-08-03,2022Q3,@datadog/browser-rum,201279
2022-08-04,2022-08-04,2022Q3,@datadog/browser-rum,196221
2022-08-05,2022-08-05,2022Q3,@datadog/browser-rum,156167
2022-08-06,2022-08-06,2022Q3,@datadog/browser-rum,19640
2022-08-07,2022-08-07,2022Q3,@datadog/browser-rum,17128
2022-08-08,2022-08-08,2022Q3,@datadog/browser-rum,180382
2022-08-09,2022-08-09,2022Q3,@datadog/browser-rum,196118
2022-08-10,2022-08-10,2022Q3,@datadog/browser-rum,192646
2022-08-11,2022-08-11,2022Q3,@datadog/browser-rum,191748
2022-08-12,2022-08-12,2022Q3,@datadog/browser-rum,167700
2022-08-13,2022-08-13,2022Q3,@datadog/browser-rum,18102
2022-08-14,2022-08-14,2022Q3,@datadog/browser-rum,16263
2022-08-15,2022-08-15,2022Q3,@datadog/browser-rum,163419
2022-08-16,2022-08-16,2022Q3,@datadog/browser-rum,197173
2022-08-17,2022-08-17,2022Q3,@datadog/browser-rum,207500
2022-08-18,2022-08-18,2022Q3,@datadog/browser-rum,196939
2022-08-19,2022-08-19,2022Q3,@datadog/browser-rum,169790
2022-08-20,2022-08-20,2022Q3,@datadog/browser-rum,18594
2022-08-21,2022-08-21,2022Q3,@datadog/browser-rum,16631
2022-08-22,2022-08-22,2022Q3,@datadog/browser-rum,193478
2022-08-23,2022-08-23,2022Q3,@datadog/browser-rum,204491
2022-08-24,2022-08-24,2022Q3,@datadog/browser-rum,210032
2022-08-25,2022-08-25,2022Q3,@datadog/browser-rum,211762
2022-08-26,2022-08-26,2022Q3,@datadog/browser-rum,171071
2022-08-27,2022-08-27,2022Q3,@datadog/browser-rum,18559
2022-08-28,2022-08-28,2022Q3,@datadog/browser-rum,15928
2022-08-29,2022-08-29,2022Q3,@datadog/browser-rum,181204
2022-08-30,2022-08-30,2022Q3,@datadog/browser-rum,201032
2022-08-31,2022-08-31,2022Q3,@datadog/browser-rum,206717
2022-09-01,2022-09-01,2022Q3,@datadog/browser-rum,196176
2022-09-02,2022-09-02,2022Q3,@datadog/browser-rum,163511
2022-09-03,2022-09-03,2022Q3,@datadog/browser-rum,16891
2022-09-04,2022-09-04,2022Q3,@datadog/browser-rum,14693
2022-09-05,2022-09-05,2022Q3,@datadog/browser-rum,102582
2022-09-06,2022-09-06,2022Q3,@datadog/browser-rum,190724
2022-09-07,2022-09-07,2022Q3,@datadog/browser-rum,202467
2022-09-08,2022-09-08,2022Q3,@datadog/browser-rum,208939
2022-09-09,2022-09-09,2022Q3,@datadog/browser-rum,180414
2022-09-10,2022-09-10,2022Q3,@datadog/browser-rum,18687
2022-09-11,2022-09-11,2022Q3,@datadog/browser-rum,17484
2022-09-12,2022-09-12,2022Q3,@datadog/browser-rum,183575
2022-09-13,2022-09-13,2022Q3,@datadog/browser-rum,216121
2022-09-14,2022-09-14,2022Q3,@datadog/browser-rum,220955
2022-09-15,2022-09-15,2022Q3,@datadog/browser-rum,208107
2022-09-16,2022-09-16,2022Q3,@datadog/browser-rum,181192
2022-09-17,2022-09-17,2022Q3,@datadog/browser-rum,22068
2022-09-18,2022-09-18,2022Q3,@datadog/browser-rum,19814
2022-09-19,2022-09-19,2022Q3,@datadog/browser-rum,185530
2022-09-20,2022-09-20,2022Q3,@datadog/browser-rum,220449
2022-09-21,2022-09-21,2022Q3,@datadog/browser-rum,210413
2022-09-22,2022-09-22,2022Q3,@datadog/browser-rum,202619
2022-09-23,2022-09-23,2022Q3,@datadog/browser-rum,167060
2022-09-24,2022-09-24,2022Q3,@datadog/browser-rum,20135
2022-09-25,2022-09-25,2022Q3,@datadog/browser-rum,15917
2022-09-26,2022-09-26,2022Q3,@datadog/browser-rum,195916
2022-09-27,2022-09-27,2022Q3,@datadog/browser-rum,214373
2022-09-28,2022-09-28,2022Q3,@datadog/browser-rum,225223
2022-09-29,2022-09-29,2022Q3,@datadog/browser-rum,212715
2022-09-30,2022-09-30,2022Q3,@datadog/browser-rum,169168
2022-10-01,2022-10-01,2022Q4,@datadog/browser-rum,22230
2022-10-02,2022-10-02,2022Q4,@datadog/browser-rum,17652
2022-10-03,2022-10-03,2022Q4,@datadog/browser-rum,190289
2022-10-04,2022-10-04,2022Q4,@datadog/browser-rum,208597
2022-10-05,2022-10-05,2022Q4,@datadog/browser-rum,202274
2022-10-06,2022-10-06,2022Q4,@datadog/browser-rum,206948
2022-10-07,2022-10-07,2022Q4,@datadog/browser-rum,182334
2022-10-08,2022-10-08,2022Q4,@datadog/browser-rum,24210
2022-10-09,2022-10-09,2022Q4,@datadog/browser-rum,18364
2022-10-10,2022-10-10,2022Q4,@datadog/browser-rum,166198
2022-10-11,2022-10-11,2022Q4,@datadog/browser-rum,219654
2022-10-12,2022-10-12,2022Q4,@datadog/browser-rum,224951
2022-10-13,2022-10-13,2022Q4,@datadog/browser-rum,220817
2022-10-14,2022-10-14,2022Q4,@datadog/browser-rum,192035
2022-10-15,2022-10-15,2022Q4,@datadog/browser-rum,21377
2022-10-16,2022-10-16,2022Q4,@datadog/browser-rum,17862
2022-10-17,2022-10-17,2022Q4,@datadog/browser-rum,209573
2022-10-18,2022-10-18,2022Q4,@datadog/browser-rum,225006
2022-10-19,2022-10-19,2022Q4,@datadog/browser-rum,214559
2022-10-20,2022-10-20,2022Q4,@datadog/browser-rum,207671
2022-10-21,2022-10-21,2022Q4,@datadog/browser-rum,182004
2022-10-22,2022-10-22,2022Q4,@datadog/browser-rum,20418
2022-10-23,2022-10-23,2022Q4,@datadog/browser-rum,18610
2022-10-24,2022-10-24,2022Q4,@datadog/browser-rum,200929
2022-10-25,2022-10-25,2022Q4,@datadog/browser-rum,227130
2022-10-26,2022-10-26,2022Q4,@datadog/browser-rum,228146
2022-10-27,2022-10-27,2022Q4,@datadog/browser-rum,229117
2022-10-28,2022-10-28,2022Q4,@datadog/browser-rum,199497
2022-10-29,2022-10-29,2022Q4,@datadog/browser-rum,22167
2022-10-30,2022-10-30,2022Q4,@datadog/browser-rum,17320
2022-10-31,2022-10-31,2022Q4,@datadog/browser-rum,201259
2022-11-01,2022-11-01,2022Q4,@datadog/browser-rum,216078
2022-11-02,2022-11-02,2022Q4,@datadog/browser-rum,235718
2022-11-03,2022-11-03,2022Q4,@datadog/browser-rum,229460
2022-11-04,2022-11-04,2022Q4,@datadog/browser-rum,204767
2022-11-05,2022-11-05,2022Q4,@datadog/browser-rum,22655
2022-11-06,2022-11-06,2022Q4,@datadog/browser-rum,21766
2022-11-07,2022-11-07,2022Q4,@datadog/browser-rum,216145
2022-11-08,2022-11-08,2022Q4,@datadog/browser-rum,240558
2022-11-09,2022-11-09,2022Q4,@datadog/browser-rum,259178
2022-11-10,2022-11-10,2022Q4,@datadog/browser-rum,241860
2022-11-11,2022-11-11,2022Q4,@datadog/browser-rum,160680
2022-11-12,2022-11-12,2022Q4,@datadog/browser-rum,21849
2022-11-13,2022-11-13,2022Q4,@datadog/browser-rum,22742
2022-11-14,2022-11-14,2022Q4,@datadog/browser-rum,223358
2022-11-15,2022-11-15,2022Q4,@datadog/browser-rum,245012
2022-11-16,2022-11-16,2022Q4,@datadog/browser-rum,242882
2022-11-17,2022-11-17,2022Q4,@datadog/browser-rum,245216
2022-11-18,2022-11-18,2022Q4,@datadog/browser-rum,215944
2022-11-19,2022-11-19,2022Q4,@datadog/browser-rum,30276
2022-11-20,2022-11-20,2022Q4,@datadog/browser-rum,21262
2022-11-21,2022-11-21,2022Q4,@datadog/browser-rum,212702
2022-11-22,2022-11-22,2022Q4,@datadog/browser-rum,241267
2022-11-23,2022-11-23,2022Q4,@datadog/browser-rum,224536
2022-11-24,2022-11-24,2022Q4,@datadog/browser-rum,161702
2022-11-25,2022-11-25,2022Q4,@datadog/browser-rum,122857
2022-11-26,2022-11-26,2022Q4,@datadog/browser-rum,16582
2022-11-27,2022-11-27,2022Q4,@datadog/browser-rum,19012
2022-11-28,2022-11-28,2022Q4,@datadog/browser-rum,212147
2022-11-29,2022-11-29,2022Q4,@datadog/browser-rum,239317
2022-11-30,2022-11-30,2022Q4,@datadog/browser-rum,245645
2022-12-01,2022-12-01,2022Q4,@datadog/browser-rum,235339
2022-12-02,2022-12-02,2022Q4,@datadog/browser-rum,213212
2022-12-03,2022-12-03,2022Q4,@datadog/browser-rum,30542
2022-12-04,2022-12-04,2022Q4,@datadog/browser-rum,20877
2022-12-05,2022-12-05,2022Q4,@datadog/browser-rum,218291
2022-12-06,2022-12-06,2022Q4,@datadog/browser-rum,242580
2022-12-07,2022-12-07,2022Q4,@datadog/browser-rum,233227
2022-12-08,2022-12-08,2022Q4,@datadog/browser-rum,222874
2022-12-09,2022-12-09,2022Q4,@datadog/browser-rum,195563
2022-12-10,2022-12-10,2022Q4,@datadog/browser-rum,25796
2022-12-11,2022-12-11,2022Q4,@datadog/browser-rum,21334
2022-12-12,2022-12-12,2022Q4,@datadog/browser-rum,213562
2022-12-13,2022-12-13,2022Q4,@datadog/browser-rum,224593
2022-12-14,2022-12-14,2022Q4,@datadog/browser-rum,225452
2022-12-15,2022-12-15,2022Q4,@datadog/browser-rum,226881
2022-12-16,2022-12-16,2022Q4,@datadog/browser-rum,195551
2022-12-17,2022-12-17,2022Q4,@datadog/browser-rum,28700
2022-12-18,2022-12-18,2022Q4,@datadog/browser-rum,20198
2022-12-19,2022-12-19,2022Q4,@datadog/browser-rum,186297
2022-12-20,2022-12-20,2022Q4,@datadog/browser-rum,204608
2022-12-21,2022-12-21,2022Q4,@datadog/browser-rum,189314
2022-12-22,2022-12-22,2022Q4,@datadog/browser-rum,163537
2022-12-23,2022-12-23,2022Q4,@datadog/browser-rum,102015
2022-12-24,2022-12-24,2022Q4,@datadog/browser-rum,15805
2022-12-25,2022-12-25,2022Q4,@datadog/browser-rum,11880
2022-12-26,2022-12-26,2022Q4,@datadog/browser-rum,50000
2022-12-27,2022-12-27,2022Q4,@datadog/browser-rum,84085
2022-12-28,2022-12-28,2022Q4,@datadog/browser-rum,98914
2022-12-29,2022-12-29,2022Q4,@datadog/browser-rum,90162
2022-12-30,2022-12-30,2022Q4,@datadog/browser-rum,66166
2022-12-31,2022-12-31,2022Q4,@datadog/browser-rum,13231
2023-01-01,2023-01-01,2023Q1,@datadog/browser-rum,13070
2023-01-02,2023-01-02,2023Q1,@datadog/browser-rum,57303
2023-01-03,2023-01-03,2023Q1,@datadog/browser-rum,177778
2023-01-04,2023-01-04,2023Q1,@datadog/browser-rum,195338
2023-01-05,2023-01-05,2023Q1,@datadog/browser-rum,199655
2023-01-06,2023-01-06,2023Q1,@datadog/browser-rum,175256
2023-01-07,2023-01-07,2023Q1,@datadog/browser-rum,27010
2023-01-08,2023-01-08,2023Q1,@datadog/browser-rum,18797
2023-01-09,2023-01-09,2023Q1,@datadog/browser-rum,204456
2023-01-10,2023-01-10,2023Q1,@datadog/browser-rum,226066
2023-01-11,2023-01-11,2023Q1,@datadog/browser-rum,232979
2023-01-12,2023-01-12,2023Q1,@datadog/browser-rum,223012
2023-01-13,2023-01-13,2023Q1,@datadog/browser-rum,200435
2023-01-14,2023-01-14,2023Q1,@datadog/browser-rum,28439
2023-01-15,2023-01-15,2023Q1,@datadog/browser-rum,20082
2023-01-16,2023-01-16,2023Q1,@datadog/browser-rum,143931
2023-01-17,2023-01-17,2023Q1,@datadog/browser-rum,217744
2023-01-18,2023-01-18,2023Q1,@datadog/browser-rum,230943
2023-01-19,2023-01-19,2023Q1,@datadog/browser-rum,223293
2023-01-20,2023-01-20,2023Q1,@datadog/browser-rum,194113
2023-01-21,2023-01-21,2023Q1,@datadog/browser-rum,24488
2023-01-22,2023-01-22,2023Q1,@datadog/browser-rum,19643
2023-01-23,2023-01-23,2023Q1,@datadog/browser-rum,196606
2023-01-24,2023-01-24,2023Q1,@datadog/browser-rum,229916
2023-01-25,2023-01-25,2023Q1,@datadog/browser-rum,235518
2023-01-26,2023-01-26,2023Q1,@datadog/browser-rum,223205
2023-01-27,2023-01-27,2023Q1,@datadog/browser-rum,195176
2023-01-28,2023-01-28,2023Q1,@datadog/browser-rum,36414
2023-01-29,2023-01-29,2023Q1,@datadog/browser-rum,30745
2023-01-30,2023-01-30,2023Q1,@datadog/browser-rum,227647
2023-01-31,2023-01-31,2023Q1,@datadog/browser-rum,254319
2023-02-01,2023-02-01,2023Q1,@datadog/browser-rum,251201
2023-02-02,2023-02-02,2023Q1,@datadog/browser-rum,243422
2023-02-03,2023-02-03,2023Q1,@datadog/browser-rum,208161
2023-02-04,2023-02-04,2023Q1,@datadog/browser-rum,29768
2023-02-05,2023-02-05,2023Q1,@datadog/browser-rum,19805
2023-02-06,2023-02-06,2023Q1,@datadog/browser-rum,223637
2023-02-07,2023-02-07,2023Q1,@datadog/browser-rum,260815
2023-02-08,2023-02-08,2023Q1,@datadog/browser-rum,240519
2023-02-09,2023-02-09,2023Q1,@datadog/browser-rum,243224
2023-02-10,2023-02-10,2023Q1,@datadog/browser-rum,216017
2023-02-11,2023-02-11,2023Q1,@datadog/browser-rum,28222
2023-02-12,2023-02-12,2023Q1,@datadog/browser-rum,22525
2023-02-13,2023-02-13,2023Q1,@datadog/browser-rum,226110
2023-02-14,2023-02-14,2023Q1,@datadog/browser-rum,239175
2023-02-15,2023-02-15,2023Q1,@datadog/browser-rum,253130
2023-02-16,2023-02-16,2023Q1,@datadog/browser-rum,255248
2023-02-17,2023-02-17,2023Q1,@datadog/browser-rum,244586
2023-02-18,2023-02-18,2023Q1,@datadog/browser-rum,33173
2023-02-19,2023-02-19,2023Q1,@datadog/browser-rum,23072
2023-02-20,2023-02-20,2023Q1,@datadog/browser-rum,150538
2023-02-21,2023-02-21,2023Q1,@datadog/browser-rum,243986
2023-02-22,2023-02-22,2023Q1,@datadog/browser-rum,259737
2023-02-23,2023-02-23,2023Q1,@datadog/browser-rum,257286
2023-02-24,2023-02-24,2023Q1,@datadog/browser-rum,221276
2023-02-25,2023-02-25,2023Q1,@datadog/browser-rum,35465
2023-02-26,2023-02-26,2023Q1,@datadog/browser-rum,24404
2023-02-27,2023-02-27,2023Q1,@datadog/browser-rum,188831
2023-02-28,2023-02-28,2023Q1,@datadog/browser-rum,206147
2023-03-01,2023-03-01,2023Q1,@datadog/browser-rum,238111
2023-03-02,2023-03-02,2023Q1,@datadog/browser-rum,248109
2023-03-03,2023-03-03,2023Q1,@datadog/browser-rum,227368
2023-03-04,2023-03-04,2023Q1,@datadog/browser-rum,35218
2023-03-05,2023-03-05,2023Q1,@datadog/browser-rum,24859
2023-03-06,2023-03-06,2023Q1,@datadog/browser-rum,245052
2023-03-07,2023-03-07,2023Q1,@datadog/browser-rum,272357
2023-03-08,2023-03-08,2023Q1,@datadog/browser-rum,255522
2023-03-09,2023-03-09,2023Q1,@datadog/browser-rum,262543
2023-03-10,2023-03-10,2023Q1,@datadog/browser-rum,241242
2023-03-11,2023-03-11,2023Q1,@datadog/browser-rum,38027
2023-03-12,2023-03-12,2023Q1,@datadog/browser-rum,26943
2023-03-13,2023-03-13,2023Q1,@datadog/browser-rum,262102
2023-03-14,2023-03-14,2023Q1,@datadog/browser-rum,279774
2023-03-15,2023-03-15,2023Q1,@datadog/browser-rum,269439
2023-03-16,2023-03-16,2023Q1,@datadog/browser-rum,271589
2023-03-17,2023-03-17,2023Q1,@datadog/browser-rum,191977
2023-03-18,2023-03-18,2023Q1,@datadog/browser-rum,24839
2023-03-19,2023-03-19,2023Q1,@datadog/browser-rum,23825
2023-03-20,2023-03-20,2023Q1,@datadog/browser-rum,234409
2023-03-21,2023-03-21,2023Q1,@datadog/browser-rum,258680
2023-03-22,2023-03-22,2023Q1,@datadog/browser-rum,263607
2023-03-23,2023-03-23,2023Q1,@datadog/browser-rum,253938
2023-03-24,2023-03-24,2023Q1,@datadog/browser-rum,219841
2023-03-25,2023-03-25,2023Q1,@datadog/browser-rum,28715
2023-03-26,2023-03-26,2023Q1,@datadog/browser-rum,23280
2023-03-27,2023-03-27,2023Q1,@datadog/browser-rum,244690
2023-03-28,2023-03-28,2023Q1,@datadog/browser-rum,266026
2023-03-29,2023-03-29,2023Q1,@datadog/browser-rum,247161
2023-03-30,2023-03-30,2023Q1,@datadog/browser-rum,254847
2023-03-31,2023-03-31,2023Q1,@datadog/browser-rum,224764
2023-04-01,2023-04-01,2023Q2,@datadog/browser-rum,31217
2023-04-02,2023-04-02,2023Q2,@datadog/browser-rum,25222
2023-04-03,2023-04-03,2023Q2,@datadog/browser-rum,255787
2023-04-04,2023-04-04,2023Q2,@datadog/browser-rum,269875
2023-04-05,2023-04-05,2023Q2,@datadog/browser-rum,238256
2023-04-06,2023-04-06,2023Q2,@datadog/browser-rum,242532
2023-04-07,2023-04-07,2023Q2,@datadog/browser-rum,154567
2023-04-08,2023-04-08,2023Q2,@datadog/browser-rum,23720
2023-04-09,2023-04-09,2023Q2,@datadog/browser-rum,21176
2023-04-10,2023-04-10,2023Q2,@datadog/browser-rum,198737
2023-04-11,2023-04-11,2023Q2,@datadog/browser-rum,258723
2023-04-12,2023-04-12,2023Q2,@datadog/browser-rum,258321
2023-04-13,2023-04-13,2023Q2,@datadog/browser-rum,253959
2023-04-14,2023-04-14,2023Q2,@datadog/browser-rum,232476
2023-04-15,2023-04-15,2023Q2,@datadog/browser-rum,26994
2023-04-16,2023-04-16,2023Q2,@datadog/browser-rum,24521
2023-04-17,2023-04-17,2023Q2,@datadog/browser-rum,254406
2023-04-18,2023-04-18,2023Q2,@datadog/browser-rum,269326
2023-04-19,2023-04-19,2023Q2,@datadog/browser-rum,271194
2023-04-20,2023-04-20,2023Q2,@datadog/browser-rum,257755
2023-04-21,2023-04-21,2023Q2,@datadog/browser-rum,217329
2023-04-22,2023-04-22,2023Q2,@datadog/browser-rum,30799
2023-04-23,2023-04-23,2023Q2,@datadog/browser-rum,33521
2023-04-24,2023-04-24,2023Q2,@datadog/browser-rum,261652
2023-04-25,2023-04-25,2023Q2,@datadog/browser-rum,286088
2023-04-26,2023-04-26,2023Q2,@datadog/browser-rum,292173
2023-04-27,2023-04-27,2023Q2,@datadog/browser-rum,294702
2023-04-28,2023-04-28,2023Q2,@datadog/browser-rum,245218
2023-04-29,2023-04-29,2023Q2,@datadog/browser-rum,34123
2023-04-30,2023-04-30,2023Q2,@datadog/browser-rum,26951
2023-05-01,2023-05-01,2023Q2,@datadog/browser-rum,162408
2023-05-02,2023-05-02,2023Q2,@datadog/browser-rum,247519
2023-05-03,2023-05-03,2023Q2,@datadog/browser-rum,244360
2023-05-04,2023-05-04,2023Q2,@datadog/browser-rum,241637
2023-05-05,2023-05-05,2023Q2,@datadog/browser-rum,227938
2023-05-06,2023-05-06,2023Q2,@datadog/browser-rum,32295
2023-05-07,2023-05-07,2023Q2,@datadog/browser-rum,26859
2023-05-08,2023-05-08,2023Q2,@datadog/browser-rum,240963
2023-05-09,2023-05-09,2023Q2,@datadog/browser-rum,275036
2023-05-10,2023-05-10,2023Q2,@datadog/browser-rum,270120
2023-05-11,2023-05-11,2023Q2,@datadog/browser-rum,281897
2023-05-12,2023-05-12,2023Q2,@datadog/browser-rum,226585
2023-05-13,2023-05-13,2023Q2,@datadog/browser-rum,32660
2023-05-14,2023-05-14,2023Q2,@datadog/browser-rum,31114
2023-05-15,2023-05-15,2023Q2,@datadog/browser-rum,247481
2023-05-16,2023-05-16,2023Q2,@datadog/browser-rum,261896
2023-05-17,2023-05-17,2023Q2,@datadog/browser-rum,262692
2023-05-18,2023-05-18,2023Q2,@datadog/browser-rum,228360
2023-05-19,2023-05-19,2023Q2,@datadog/browser-rum,217119
2023-05-20,2023-05-20,2023Q2,@datadog/browser-rum,34616
2023-05-21,2023-05-21,2023Q2,@datadog/browser-rum,28383
2023-05-22,2023-05-22,2023Q2,@datadog/browser-rum,204338
2023-05-23,2023-05-23,2023Q2,@datadog/browser-rum,270154
2023-05-24,2023-05-24,2023Q2,@datadog/browser-rum,263849
2023-05-25,2023-05-25,2023Q2,@datadog/browser-rum,266572
2023-05-26,2023-05-26,2023Q2,@datadog/browser-rum,218948
2023-05-27,2023-05-27,2023Q2,@datadog/browser-rum,29724
2023-05-28,2023-05-28,2023Q2,@datadog/browser-rum,27096
2023-05-29,2023-05-29,2023Q2,@datadog/browser-rum,141151
2023-05-30,2023-05-30,2023Q2,@datadog/browser-rum,248284
2023-05-31,2023-05-31,2023Q2,@datadog/browser-rum,269744
2023-06-01,2023-06-01,2023Q2,@datadog/browser-rum,266802
2023-06-02,2023-06-02,2023Q2,@datadog/browser-rum,233718
2023-06-03,2023-06-03,2023Q2,@datadog/browser-rum,31842
2023-06-04,2023-06-04,2023Q2,@datadog/browser-rum,24773
2023-06-05,2023-06-05,2023Q2,@datadog/browser-rum,251425
2023-06-06,2023-06-06,2023Q2,@datadog/browser-rum,265167
2023-06-07,2023-06-07,2023Q2,@datadog/browser-rum,267451
2023-06-08,2023-06-08,2023Q2,@datadog/browser-rum,261536
2023-06-09,2023-06-09,2023Q2,@datadog/browser-rum,221300
2023-06-10,2023-06-10,2023Q2,@datadog/browser-rum,27152
2023-06-11,2023-06-11,2023Q2,@datadog/browser-rum,24670
2023-06-12,2023-06-12,2023Q2,@datadog/browser-rum,245000
2023-06-13,2023-06-13,2023Q2,@datadog/browser-rum,266805
2023-06-14,2023-06-14,2023Q2,@datadog/browser-rum,269961
2023-06-15,2023-06-15,2023Q2,@datadog/browser-rum,263714
2023-06-16,2023-06-16,2023Q2,@datadog/browser-rum,220669
2023-06-17,2023-06-17,2023Q2,@datadog/browser-rum,31151
2023-06-18,2023-06-18,2023Q2,@datadog/browser-rum,26915
2023-06-19,2023-06-19,2023Q2,@datadog/browser-rum,190588
2023-06-20,2023-06-20,2023Q2,@datadog/browser-rum,264979
2023-06-21,2023-06-21,2023Q2,@datadog/browser-rum,280336
2023-06-22,2023-06-22,2023Q2,@datadog/browser-rum,258949
2023-06-23,2023-06-23,2023Q2,@datadog/browser-rum,224474
2023-06-24,2023-06-24,2023Q2,@datadog/browser-rum,30361
2023-06-25,2023-06-25,2023Q2,@datadog/browser-rum,30512
2023-06-26,2023-06-26,2023Q2,@datadog/browser-rum,245534
2023-06-27,2023-06-27,2023Q2,@datadog/browser-rum,261515
2023-06-28,2023-06-28,2023Q2,@datadog/browser-rum,258089
2023-06-29,2023-06-29,2023Q2,@datadog/browser-rum,253172
2023-06-30,2023-06-30,2023Q2,@datadog/browser-rum,192100
2023-07-01,2023-07-01,2023Q3,@datadog/browser-rum,30938
2023-07-02,2023-07-02,2023Q3,@datadog/browser-rum,24055
2023-07-03,2023-07-03,2023Q3,@datadog/browser-rum,166019
2023-07-04,2023-07-04,2023Q3,@datadog/browser-rum,175494
2023-07-05,2023-07-05,2023Q3,@datadog/browser-rum,257281
2023-07-06,2023-07-06,2023Q3,@datadog/browser-rum,264079
2023-07-07,2023-07-07,2023Q3,@datadog/browser-rum,234770
2023-07-08,2023-07-08,2023Q3,@datadog/browser-rum,35258
2023-07-09,2023-07-09,2023Q3,@datadog/browser-rum,26130
2023-07-10,2023-07-10,2023Q3,@datadog/browser-rum,257263
2023-07-11,2023-07-11,2023Q3,@datadog/browser-rum,277531
2023-07-12,2023-07-12,2023Q3,@datadog/browser-rum,269770
2023-07-13,2023-07-13,2023Q3,@datadog/browser-rum,272330
2023-07-14,2023-07-14,2023Q3,@datadog/browser-rum,227819
2023-07-15,2023-07-15,2023Q3,@datadog/browser-rum,32734
2023-07-16,2023-07-16,2023Q3,@datadog/browser-rum,29597
2023-07-17,2023-07-17,2023Q3,@datadog/browser-rum,244368
2023-07-18,2023-07-18,2023Q3,@datadog/browser-rum,271103
2023-07-19,2023-07-19,2023Q3,@datadog/browser-rum,277631
2023-07-20,2023-07-20,2023Q3,@datadog/browser-rum,263590
2023-07-21,2023-07-21,2023Q3,@datadog/browser-rum,238396
2023-07-22,2023-07-22,2023Q3,@datadog/browser-rum,33518
2023-07-23,2023-07-23,2023Q3,@datadog/browser-rum,28091
2023-07-24,2023-07-24,2023Q3,@datadog/browser-rum,262981
2023-07-25,2023-07-25,2023Q3,@datadog/browser-rum,276358
2023-07-26,2023-07-26,2023Q3,@datadog/browser-rum,274167
2023-07-27,2023-07-27,2023Q3,@datadog/browser-rum,268718
2023-07-28,2023-07-28,2023Q3,@datadog/browser-rum,227158
2023-07-29,2023-07-29,2023Q3,@datadog/browser-rum,30158
2023-07-30,2023-07-30,2023Q3,@datadog/browser-rum,27053
2023-07-31,2023-07-31,2023Q3,@datadog/browser-rum,244696
2023-08-01,2023-08-01,2023Q3,@datadog/browser-rum,268449
2023-08-02,2023-08-02,2023Q3,@datadog/browser-rum,257708
2023-08-03,2023-08-03,2023Q3,@datadog/browser-rum,263206
2023-08-04,2023-08-04,2023Q3,@datadog/browser-rum,233120
2023-08-05,2023-08-05,2023Q3,@datadog/browser-rum,28966
2023-08-06,2023-08-06,2023Q3,@datadog/browser-rum,25817
2023-08-07,2023-08-07,2023Q3,@datadog/browser-rum,215918
2023-08-08,2023-08-08,2023Q3,@datadog/browser-rum,268904
2023-08-09,2023-08-09,2023Q3,@datadog/browser-rum,271401
2023-08-10,2023-08-10,2023Q3,@datadog/browser-rum,268784
2023-08-11,2023-08-11,2023Q3,@datadog/browser-rum,230476
2023-08-12,2023-08-12,2023Q3,@datadog/browser-rum,30697
2023-08-13,2023-08-13,2023Q3,@datadog/browser-rum,27245
2023-08-14,2023-08-14,2023Q3,@datadog/browser-rum,251348
2023-08-15,2023-08-15,2023Q3,@datadog/browser-rum,242100
2023-08-16,2023-08-16,2023Q3,@datadog/browser-rum,269611
2023-08-17,2023-08-17,2023Q3,@datadog/browser-rum,265177
2023-08-18,2023-08-18,2023Q3,@datadog/browser-rum,214732
2023-08-19,2023-08-19,2023Q3,@datadog/browser-rum,33012
2023-08-20,2023-08-20,2023Q3,@datadog/browser-rum,34910
2023-08-21,2023-08-21,2023Q3,@datadog/browser-rum,260010
2023-08-22,2023-08-22,2023Q3,@datadog/browser-rum,270024
2023-08-23,2023-08-23,2023Q3,@datadog/browser-rum,265080
2023-08-24,2023-08-24,2023Q3,@datadog/browser-rum,260224
2023-08-25,2023-08-25,2023Q3,@datadog/browser-rum,199490
2023-08-26,2023-08-26,2023Q3,@datadog/browser-rum,34460
2023-08-27,2023-08-27,2023Q3,@datadog/browser-rum,32473
2023-08-28,2023-08-28,2023Q3,@datadog/browser-rum,243870
2023-08-29,2023-08-29,2023Q3,@datadog/browser-rum,259846
2023-08-30,2023-08-30,2023Q3,@datadog/browser-rum,270506
2023-08-31,2023-08-31,2023Q3,@datadog/browser-rum,270153
2023-09-01,2023-09-01,2023Q3,@datadog/browser-rum,223439
2023-09-02,2023-09-02,2023Q3,@datadog/browser-rum,29804
2023-09-03,2023-09-03,2023Q3,@datadog/browser-rum,27425
2023-09-04,2023-09-04,2023Q3,@datadog/browser-rum,141337
2023-09-05,2023-09-05,2023Q3,@datadog/browser-rum,258600
2023-09-06,2023-09-06,2023Q3,@datadog/browser-rum,273645
2023-09-07,2023-09-07,2023Q3,@datadog/browser-rum,272051
2023-09-08,2023-09-08,2023Q3,@datadog/browser-rum,234367
2023-09-09,2023-09-09,2023Q3,@datadog/browser-rum,31150
2023-09-10,2023-09-10,2023Q3,@datadog/browser-rum,25061
2023-09-11,2023-09-11,2023Q3,@datadog/browser-rum,261502
2023-09-12,2023-09-12,2023Q3,@datadog/browser-rum,281847
2023-09-13,2023-09-13,2023Q3,@datadog/browser-rum,267327
2023-09-14,2023-09-14,2023Q3,@datadog/browser-rum,269764
2023-09-15,2023-09-15,2023Q3,@datadog/browser-rum,221548
2023-09-16,2023-09-16,2023Q3,@datadog/browser-rum,35902
2023-09-17,2023-09-17,2023Q3,@datadog/browser-rum,27819
2023-09-18,2023-09-18,2023Q3,@datadog/browser-rum,241613
2023-09-19,2023-09-19,2023Q3,@datadog/browser-rum,265069
2023-09-20,2023-09-20,2023Q3,@datadog/browser-rum,271280
2023-09-21,2023-09-21,2023Q3,@datadog/browser-rum,265976
2023-09-22,2023-09-22,2023Q3,@datadog/browser-rum,222718
2023-09-23,2023-09-23,2023Q3,@datadog/browser-rum,30501
2023-09-24,2023-09-24,2023Q3,@datadog/browser-rum,25902
2023-09-25,2023-09-25,2023Q3,@datadog/browser-rum,252024
2023-09-26,2023-09-26,2023Q3,@datadog/browser-rum,277094
2023-09-27,2023-09-27,2023Q3,@datadog/browser-rum,266849
2023-09-28,2023-09-28,2023Q3,@datadog/browser-rum,268612
2023-09-29,2023-09-29,2023Q3,@datadog/browser-rum,246900
2023-09-30,2023-09-30,2023Q3,@datadog/browser-rum,39718
2023-10-01,2023-10-01,2023Q4,@datadog/browser-rum,36857
2023-10-02,2023-10-02,2023Q4,@datadog/browser-rum,210927
2023-10-03,2023-10-03,2023Q4,@datadog/browser-rum,256678
2023-10-04,2023-10-04,2023Q4,@datadog/browser-rum,264786
2023-10-05,2023-10-05,2023Q4,@datadog/browser-rum,261058
2023-10-06,2023-10-06,2023Q4,@datadog/browser-rum,222314
2023-10-07,2023-10-07,2023Q4,@datadog/browser-rum,33237
2023-10-08,2023-10-08,2023Q4,@datadog/browser-rum,27018
2023-10-09,2023-10-09,2023Q4,@datadog/browser-rum,182721
2023-10-10,2023-10-10,2023Q4,@datadog/browser-rum,252267
2023-10-11,2023-10-11,2023Q4,@datadog/browser-rum,262527
2023-10-12,2023-10-12,2023Q4,@datadog/browser-rum,252936
2023-10-13,2023-10-13,2023Q4,@datadog/browser-rum,216822
2023-10-14,2023-10-14,2023Q4,@datadog/browser-rum,30880
2023-10-15,2023-10-15,2023Q4,@datadog/browser-rum,27882
2023-10-16,2023-10-16,2023Q4,@datadog/browser-rum,255707
2023-10-17,2023-10-17,2023Q4,@datadog/browser-rum,278819
2023-10-18,2023-10-18,2023Q4,@datadog/browser-rum,276591
2023-10-19,2023-10-19,2023Q4,@datadog/browser-rum,274062
2023-10-20,2023-10-20,2023Q4,@datadog/browser-rum,235108
2023-10-21,2023-10-21,2023Q4,@datadog/browser-rum,34978
2023-10-22,2023-10-22,2023Q4,@datadog/browser-rum,26576
2023-10-23,2023-10-23,2023Q4,@datadog/browser-rum,253195
2023-10-24,2023-10-24,2023Q4,@datadog/browser-rum,271640
2023-10-25,2023-10-25,2023Q4,@datadog/browser-rum,279367
2023-10-26,2023-10-26,2023Q4,@datadog/browser-rum,269243
2023-10-27,2023-10-27,2023Q4,@datadog/browser-rum,233818
2023-10-28,2023-10-28,2023Q4,@datadog/browser-rum,28298
2023-10-29,2023-10-29,2023Q4,@datadog/browser-rum,25779
2023-10-30,2023-10-30,2023Q4,@datadog/browser-rum,255468
2023-10-31,2023-10-31,2023Q4,@datadog/browser-rum,270753
2023-11-01,2023-11-01,2023Q4,@datadog/browser-rum,232832
2023-11-02,2023-11-02,2023Q4,@datadog/browser-rum,73874
2023-11-03,2023-11-03,2023Q4,@datadog/browser-rum,0
2023-11-04,2023-11-04,2023Q4,@datadog/browser-rum,37938
2023-11-05,2023-11-05,2023Q4,@datadog/browser-rum,34600
2023-11-06,2023-11-06,2023Q4,@datadog/browser-rum,257697
2023-11-07,2023-11-07,2023Q4,@datadog/browser-rum,267004
2023-11-08,2023-11-08,2023Q4,@datadog/browser-rum,269870
2023-11-09,2023-11-09,2023Q4,@datadog/browser-rum,267515
2023-11-10,2023-11-10,2023Q4,@datadog/browser-rum,202576
2023-11-11,2023-11-11,2023Q4,@datadog/browser-rum,34564
2023-11-12,2023-11-12,2023Q4,@datadog/browser-rum,34684
2023-11-13,2023-11-13,2023Q4,@datadog/browser-rum,257529
2023-11-14,2023-11-14,2023Q4,@datadog/browser-rum,279016
2023-11-15,2023-11-15,2023Q4,@datadog/browser-rum,266246
2023-11-16,2023-11-16,2023Q4,@datadog/browser-rum,268968
2023-11-17,2023-11-17,2023Q4,@datadog/browser-rum,229066
2023-11-18,2023-11-18,2023Q4,@datadog/browser-rum,36749
2023-11-19,2023-11-19,2023Q4,@datadog/browser-rum,28322
2023-11-20,2023-11-20,2023Q4,@datadog/browser-rum,235385
2023-11-21,2023-11-21,2023Q4,@datadog/browser-rum,254477
2023-11-22,2023-11-22,2023Q4,@datadog/browser-rum,240295
2023-11-23,2023-11-23,2023Q4,@datadog/browser-rum,164381
2023-11-24,2023-11-24,2023Q4,@datadog/browser-rum,135256
2023-11-25,2023-11-25,2023Q4,@datadog/browser-rum,24393
2023-11-26,2023-11-26,2023Q4,@datadog/browser-rum,28488
2023-11-27,2023-11-27,2023Q4,@datadog/browser-rum,248094
2023-11-28,2023-11-28,2023Q4,@datadog/browser-rum,271567
2023-11-29,2023-11-29,2023Q4,@datadog/browser-rum,269028
2023-11-30,2023-11-30,2023Q4,@datadog/browser-rum,247509
2023-12-01,2023-12-01,2023Q4,@datadog/browser-rum,215995
2023-12-02,2023-12-02,2023Q4,@datadog/browser-rum,35284
2023-12-03,2023-12-03,2023Q4,@datadog/browser-rum,31265
2023-12-04,2023-12-04,2023Q4,@datadog/browser-rum,233711
2023-12-05,2023-12-05,2023Q4,@datadog/browser-rum,252290
2023-12-06,2023-12-06,2023Q4,@datadog/browser-rum,250663
2023-12-07,2023-12-07,2023Q4,@datadog/browser-rum,243717
2023-12-08,2023-12-08,2023Q4,@datadog/browser-rum,197346
2023-12-09,2023-12-09,2023Q4,@datadog/browser-rum,33088
2023-12-10,2023-12-10,2023Q4,@datadog/browser-rum,27375
2023-12-11,2023-12-11,2023Q4,@datadog/browser-rum,234806
2023-12-12,2023-12-12,2023Q4,@datadog/browser-rum,257891
2023-12-13,2023-12-13,2023Q4,@datadog/browser-rum,255717
2023-12-14,2023-12-14,2023Q4,@datadog/browser-rum,246997
2023-12-15,2023-12-15,2023Q4,@datadog/browser-rum,211532
2023-12-16,2023-12-16,2023Q4,@datadog/browser-rum,38791
2023-12-17,2023-12-17,2023Q4,@datadog/browser-rum,30882
2023-12-18,2023-12-18,2023Q4,@datadog/browser-rum,229857
2023-12-19,2023-12-19,2023Q4,@datadog/browser-rum,243896
2023-12-20,2023-12-20,2023Q4,@datadog/browser-rum,243651
2023-12-21,2023-12-21,2023Q4,@datadog/browser-rum,211686
2023-12-22,2023-12-22,2023Q4,@datadog/browser-rum,141320
2023-12-23,2023-12-23,2023Q4,@datadog/browser-rum,24071
2023-12-24,2023-12-24,2023Q4,@datadog/browser-rum,18905
2023-12-25,2023-12-25,2023Q4,@datadog/browser-rum,44518
2023-12-26,2023-12-26,2023Q4,@datadog/browser-rum,74112
2023-12-27,2023-12-27,2023Q4,@datadog/browser-rum,102862
2023-12-28,2023-12-28,2023Q4,@datadog/browser-rum,103912
2023-12-29,2023-12-29,2023Q4,@datadog/browser-rum,81070
2023-12-30,2023-12-30,2023Q4,@datadog/browser-rum,19914
2023-12-31,2023-12-31,2023Q4,@datadog/browser-rum,16881
2024-01-01,2024-01-01,2024Q1,@datadog/browser-rum,32168
2024-01-02,2024-01-02,2024Q1,@datadog/browser-rum,183221
2024-01-03,2024-01-03,2024Q1,@datadog/browser-rum,211893
2024-01-04,2024-01-04,2024Q1,@datadog/browser-rum,224733
2024-01-05,2024-01-05,2024Q1,@datadog/browser-rum,203701
2024-01-06,2024-01-06,2024Q1,@datadog/browser-rum,35021
2024-01-07,2024-01-07,2024Q1,@datadog/browser-rum,28263
2024-01-08,2024-01-08,2024Q1,@datadog/browser-rum,218300
2024-01-09,2024-01-09,2024Q1,@datadog/browser-rum,247297
2024-01-10,2024-01-10,2024Q1,@datadog/browser-rum,256273
2024-01-11,2024-01-11,2024Q1,@datadog/browser-rum,248909
2024-01-12,2024-01-12,2024Q1,@datadog/browser-rum,215686
2024-01-13,2024-01-13,2024Q1,@datadog/browser-rum,33694
2024-01-14,2024-01-14,2024Q1,@datadog/browser-rum,27880
2024-01-15,2024-01-15,2024Q1,@datadog/browser-rum,167308
2024-01-16,2024-01-16,2024Q1,@datadog/browser-rum,272101
2024-01-17,2024-01-17,2024Q1,@datadog/browser-rum,292158
2024-01-18,2024-01-18,2024Q1,@datadog/browser-rum,259215
2024-01-19,2024-01-19,2024Q1,@datadog/browser-rum,229918
2024-01-20,2024-01-20,2024Q1,@datadog/browser-rum,42037
2024-01-21,2024-01-21,2024Q1,@datadog/browser-rum,32536
2024-01-22,2024-01-22,2024Q1,@datadog/browser-rum,261669
2024-01-23,2024-01-23,2024Q1,@datadog/browser-rum,291290
2024-01-24,2024-01-24,2024Q1,@datadog/browser-rum,267275
2024-01-25,2024-01-25,2024Q1,@datadog/browser-rum,270145
2024-01-26,2024-01-26,2024Q1,@datadog/browser-rum,219717
2024-01-27,2024-01-27,2024Q1,@datadog/browser-rum,36471
2024-01-28,2024-01-28,2024Q1,@datadog/browser-rum,29058
2024-01-29,2024-01-29,2024Q1,@datadog/browser-rum,252056
2024-01-30,2024-01-30,2024Q1,@datadog/browser-rum,271815
2024-01-31,2024-01-31,2024Q1,@datadog/browser-rum,274717
2024-02-01,2024-02-01,2024Q1,@datadog/browser-rum,273547
2024-02-02,2024-02-02,2024Q1,@datadog/browser-rum,239772
2024-02-03,2024-02-03,2024Q1,@datadog/browser-rum,33336
2024-02-04,2024-02-04,2024Q1,@datadog/browser-rum,33457
2024-02-05,2024-02-05,2024Q1,@datadog/browser-rum,252563
2024-02-06,2024-02-06,2024Q1,@datadog/browser-rum,271103
2024-02-07,2024-02-07,2024Q1,@datadog/browser-rum,264422
2024-02-08,2024-02-08,2024Q1,@datadog/browser-rum,270595
2024-02-09,2024-02-09,2024Q1,@datadog/browser-rum,223578
2024-02-10,2024-02-10,2024Q1,@datadog/browser-rum,31458
2024-02-11,2024-02-11,2024Q1,@datadog/browser-rum,25566
2024-02-12,2024-02-12,2024Q1,@datadog/browser-rum,234270
2024-02-13,2024-02-13,2024Q1,@datadog/browser-rum,261855
2024-02-14,2024-02-14,2024Q1,@datadog/browser-rum,259646
2024-02-15,2024-02-15,2024Q1,@datadog/browser-rum,274586
2024-02-16,2024-02-16,2024Q1,@datadog/browser-rum,244323
2024-02-17,2024-02-17,2024Q1,@datadog/browser-rum,31040
2024-02-18,2024-02-18,2024Q1,@datadog/browser-rum,27205
2024-02-19,2024-02-19,2024Q1,@datadog/browser-rum,190754
2024-02-20,2024-02-20,2024Q1,@datadog/browser-rum,279702
2024-02-21,2024-02-21,2024Q1,@datadog/browser-rum,282337
2024-02-22,2024-02-22,2024Q1,@datadog/browser-rum,283974
2024-02-23,2024-02-23,2024Q1,@datadog/browser-rum,235524
2024-02-24,2024-02-24,2024Q1,@datadog/browser-rum,39387
2024-02-25,2024-02-25,2024Q1,@datadog/browser-rum,36148
2024-02-26,2024-02-26,2024Q1,@datadog/browser-rum,281174
2024-02-27,2024-02-27,2024Q1,@datadog/browser-rum,300047
2024-02-28,2024-02-28,2024Q1,@datadog/browser-rum,292478
2024-02-29,2024-02-29,2024Q1,@datadog/browser-rum,289281
2024-03-01,2024-03-01,2024Q1,@datadog/browser-rum,236789
2024-03-02,2024-03-02,2024Q1,@datadog/browser-rum,43250
2024-03-03,2024-03-03,2024Q1,@datadog/browser-rum,35643
2024-03-04,2024-03-04,2024Q1,@datadog/browser-rum,273131
2024-03-05,2024-03-05,2024Q1,@datadog/browser-rum,285637
2024-03-06,2024-03-06,2024Q1,@datadog/browser-rum,277311
2024-03-07,2024-03-07,2024Q1,@datadog/browser-rum,291318
2024-03-08,2024-03-08,2024Q1,@datadog/browser-rum,228497
2024-03-09,2024-03-09,2024Q1,@datadog/browser-rum,40653
2024-03-10,2024-03-10,2024Q1,@datadog/browser-rum,33372
2024-03-11,2024-03-11,2024Q1,@datadog/browser-rum,261809
2024-03-12,2024-03-12,2024Q1,@datadog/browser-rum,285048
2024-03-13,2024-03-13,2024Q1,@datadog/browser-rum,289017
2024-03-14,2024-03-14,2024Q1,@datadog/browser-rum,292623
2024-03-15,2024-03-15,2024Q1,@datadog/browser-rum,242268
2024-03-16,2024-03-16,2024Q1,@datadog/browser-rum,36563
2024-03-17,2024-03-17,2024Q1,@datadog/browser-rum,34861
2024-03-18,2024-03-18,2024Q1,@datadog/browser-rum,278164
2024-03-19,2024-03-19,2024Q1,@datadog/browser-rum,298876
2024-03-20,2024-03-20,2024Q1,@datadog/browser-rum,288473
2024-03-21,2024-03-21,2024Q1,@datadog/browser-rum,291291
2024-03-22,2024-03-22,2024Q1,@datadog/browser-rum,237388
2024-03-23,2024-03-23,2024Q1,@datadog/browser-rum,43293
2024-03-24,2024-03-24,2024Q1,@datadog/browser-rum,37372
2024-03-25,2024-03-25,2024Q1,@datadog/browser-rum,265933
2024-03-26,2024-03-26,2024Q1,@datadog/browser-rum,186175
2024-03-27,2024-03-27,2024Q1,@datadog/browser-rum,282644
2024-03-28,2024-03-28,2024Q1,@datadog/browser-rum,256562
2024-03-29,2024-03-29,2024Q1,@datadog/browser-rum,156474
2024-03-30,2024-03-30,2024Q1,@datadog/browser-rum,35379
2024-03-31,2024-03-31,2024Q1,@datadog/browser-rum,28487
2024-04-01,2024-04-01,2024Q2,@datadog/browser-rum,194071
2024-04-02,2024-04-02,2024Q2,@datadog/browser-rum,274872
2024-04-03,2024-04-03,2024Q2,@datadog/browser-rum,301109
2024-04-04,2024-04-04,2024Q2,@datadog/browser-rum,294540
2024-04-05,2024-04-05,2024Q2,@datadog/browser-rum,243798
2024-04-06,2024-04-06,2024Q2,@datadog/browser-rum,38778
2024-04-07,2024-04-07,2024Q2,@datadog/browser-rum,31104
2024-04-08,2024-04-08,2024Q2,@datadog/browser-rum,274853
2024-04-09,2024-04-09,2024Q2,@datadog/browser-rum,298685
2024-04-10,2024-04-10,2024Q2,@datadog/browser-rum,300330
2024-04-11,2024-04-11,2024Q2,@datadog/browser-rum,308720
2024-04-12,2024-04-12,2024Q2,@datadog/browser-rum,245733
2024-04-13,2024-04-13,2024Q2,@datadog/browser-rum,40788
2024-04-14,2024-04-14,2024Q2,@datadog/browser-rum,33498
2024-04-15,2024-04-15,2024Q2,@datadog/browser-rum,298356
2024-04-16,2024-04-16,2024Q2,@datadog/browser-rum,305651
2024-04-17,2024-04-17,2024Q2,@datadog/browser-rum,310371
2024-04-18,2024-04-18,2024Q2,@datadog/browser-rum,295002
2024-04-19,2024-04-19,2024Q2,@datadog/browser-rum,252210
2024-04-20,2024-04-20,2024Q2,@datadog/browser-rum,38005
2024-04-21,2024-04-21,2024Q2,@datadog/browser-rum,33554
2024-04-22,2024-04-22,2024Q2,@datadog/browser-rum,275289
2024-04-23,2024-04-23,2024Q2,@datadog/browser-rum,291195
2024-04-24,2024-04-24,2024Q2,@datadog/browser-rum,298813
2024-04-25,2024-04-25,2024Q2,@datadog/browser-rum,271788
2024-04-26,2024-04-26,2024Q2,@datadog/browser-rum,238641
2024-04-27,2024-04-27,2024Q2,@datadog/browser-rum,35618
2024-04-28,2024-04-28,2024Q2,@datadog/browser-rum,30087
2024-04-29,2024-04-29,2024Q2,@datadog/browser-rum,273050
2024-04-30,2024-04-30,2024Q2,@datadog/browser-rum,293584
2024-05-01,2024-05-01,2024Q2,@datadog/browser-rum,216811
2024-05-02,2024-05-02,2024Q2,@datadog/browser-rum,270568
2024-05-03,2024-05-03,2024Q2,@datadog/browser-rum,221611
2024-05-04,2024-05-04,2024Q2,@datadog/browser-rum,37756
2024-05-05,2024-05-05,2024Q2,@datadog/browser-rum,29540
2024-05-06,2024-05-06,2024Q2,@datadog/browser-rum,231900
2024-05-07,2024-05-07,2024Q2,@datadog/browser-rum,283068
2024-05-08,2024-05-08,2024Q2,@datadog/browser-rum,270225
2024-05-09,2024-05-09,2024Q2,@datadog/browser-rum,254563
2024-05-10,2024-05-10,2024Q2,@datadog/browser-rum,233765
2024-05-11,2024-05-11,2024Q2,@datadog/browser-rum,42160
2024-05-12,2024-05-12,2024Q2,@datadog/browser-rum,33973
2024-05-13,2024-05-13,2024Q2,@datadog/browser-rum,265999
2024-05-14,2024-05-14,2024Q2,@datadog/browser-rum,281001
2024-05-15,2024-05-15,2024Q2,@datadog/browser-rum,285855
2024-05-16,2024-05-16,2024Q2,@datadog/browser-rum,288843
2024-05-17,2024-05-17,2024Q2,@datadog/browser-rum,239398
2024-05-18,2024-05-18,2024Q2,@datadog/browser-rum,32896
2024-05-19,2024-05-19,2024Q2,@datadog/browser-rum,27979
2024-05-20,2024-05-20,2024Q2,@datadog/browser-rum,234740
2024-05-21,2024-05-21,2024Q2,@datadog/browser-rum,291724
2024-05-22,2024-05-22,2024Q2,@datadog/browser-rum,294450
2024-05-23,2024-05-23,2024Q2,@datadog/browser-rum,280753
2024-05-24,2024-05-24,2024Q2,@datadog/browser-rum,237198
2024-05-25,2024-05-25,2024Q2,@datadog/browser-rum,36493
2024-05-26,2024-05-26,2024Q2,@datadog/browser-rum,32003
2024-05-27,2024-05-27,2024Q2,@datadog/browser-rum,167963
2024-05-28,2024-05-28,2024Q2,@datadog/browser-rum,270113
2024-05-29,2024-05-29,2024Q2,@datadog/browser-rum,283244
2024-05-30,2024-05-30,2024Q2,@datadog/browser-rum,263771
2024-05-31,2024-05-31,2024Q2,@datadog/browser-rum,238968
2024-06-01,2024-06-01,2024Q2,@datadog/browser-rum,38224
2024-06-02,2024-06-02,2024Q2,@datadog/browser-rum,30902
2024-06-03,2024-06-03,2024Q2,@datadog/browser-rum,276536
2024-06-04,2024-06-04,2024Q2,@datadog/browser-rum,285350
2024-06-05,2024-06-05,2024Q2,@datadog/browser-rum,285955
2024-06-06,2024-06-06,2024Q2,@datadog/browser-rum,282357
2024-06-07,2024-06-07,2024Q2,@datadog/browser-rum,234874
2024-06-08,2024-06-08,2024Q2,@datadog/browser-rum,33282
2024-06-09,2024-06-09,2024Q2,@datadog/browser-rum,26142
2024-06-10,2024-06-10,2024Q2,@datadog/browser-rum,262718
2024-06-11,2024-06-11,2024Q2,@datadog/browser-rum,289858
2024-06-12,2024-06-12,2024Q2,@datadog/browser-rum,286807
2024-06-13,2024-06-13,2024Q2,@datadog/browser-rum,287112
2024-06-14,2024-06-14,2024Q2,@datadog/browser-rum,239945
2024-06-15,2024-06-15,2024Q2,@datadog/browser-rum,33965
2024-06-16,2024-06-16,2024Q2,@datadog/browser-rum,29038
2024-06-17,2024-06-17,2024Q2,@datadog/browser-rum,259602
2024-06-18,2024-06-18,2024Q2,@datadog/browser-rum,287567
2024-06-19,2024-06-19,2024Q2,@datadog/browser-rum,221274
2024-06-20,2024-06-20,2024Q2,@datadog/browser-rum,265593
2024-06-21,2024-06-21,2024Q2,@datadog/browser-rum,229937
2024-06-22,2024-06-22,2024Q2,@datadog/browser-rum,32124
2024-06-23,2024-06-23,2024Q2,@datadog/browser-rum,26845
2024-06-24,2024-06-24,2024Q2,@datadog/browser-rum,261280
2024-06-25,2024-06-25,2024Q2,@datadog/browser-rum,296722
2024-06-26,2024-06-26,2024Q2,@datadog/browser-rum,301028
2024-06-27,2024-06-27,2024Q2,@datadog/browser-rum,285851
2024-06-28,2024-06-28,2024Q2,@datadog/browser-rum,226126
2024-06-29,2024-06-29,2024Q2,@datadog/browser-rum,31145
2024-06-30,2024-06-30,2024Q2,@datadog/browser-rum,26675
2024-07-01,2024-07-01,2024Q3,@datadog/browser-rum,256274
2024-07-02,2024-07-02,2024Q3,@datadog/browser-rum,281600
2024-07-03,2024-07-03,2024Q3,@datadog/browser-rum,264161
2024-07-04,2024-07-04,2024Q3,@datadog/browser-rum,173193
2024-07-05,2024-07-05,2024Q3,@datadog/browser-rum,163870
2024-07-06,2024-07-06,2024Q3,@datadog/browser-rum,28107
2024-07-07,2024-07-07,2024Q3,@datadog/browser-rum,26893
2024-07-08,2024-07-08,2024Q3,@datadog/browser-rum,275475
2024-07-09,2024-07-09,2024Q3,@datadog/browser-rum,292448
2024-07-10,2024-07-10,2024Q3,@datadog/browser-rum,291897
2024-07-11,2024-07-11,2024Q3,@datadog/browser-rum,288809
2024-07-12,2024-07-12,2024Q3,@datadog/browser-rum,246291
2024-07-13,2024-07-13,2024Q3,@datadog/browser-rum,33313
2024-07-14,2024-07-14,2024Q3,@datadog/browser-rum,30447
2024-07-15,2024-07-15,2024Q3,@datadog/browser-rum,266546
2024-07-16,2024-07-16,2024Q3,@datadog/browser-rum,305779
2024-07-17,2024-07-17,2024Q3,@datadog/browser-rum,294322
2024-07-18,2024-07-18,2024Q3,@datadog/browser-rum,289759
2024-07-19,2024-07-19,2024Q3,@datadog/browser-rum,244541
2024-07-20,2024-07-20,2024Q3,@datadog/browser-rum,36054
2024-07-21,2024-07-21,2024Q3,@datadog/browser-rum,31967
2024-07-22,2024-07-22,2024Q3,@datadog/browser-rum,282579
2024-07-23,2024-07-23,2024Q3,@datadog/browser-rum,302336
2024-07-24,2024-07-24,2024Q3,@datadog/browser-rum,314253
2024-07-25,2024-07-25,2024Q3,@datadog/browser-rum,292778
2024-07-26,2024-07-26,2024Q3,@datadog/browser-rum,250416
2024-07-27,2024-07-27,2024Q3,@datadog/browser-rum,32313
2024-07-28,2024-07-28,2024Q3,@datadog/browser-rum,29804
2024-07-29,2024-07-29,2024Q3,@datadog/browser-rum,301524
2024-07-30,2024-07-30,2024Q3,@datadog/browser-rum,305916
2024-07-31,2024-07-31,2024Q3,@datadog/browser-rum,305098
2024-08-01,2024-08-01,2024Q3,@datadog/browser-rum,293662
2024-08-02,2024-08-02,2024Q3,@datadog/browser-rum,239707
2024-08-03,2024-08-03,2024Q3,@datadog/browser-rum,34572
2024-08-04,2024-08-04,2024Q3,@datadog/browser-rum,32205
2024-08-05,2024-08-05,2024Q3,@datadog/browser-rum,263560
2024-08-06,2024-08-06,2024Q3,@datadog/browser-rum,300809
2024-08-07,2024-08-07,2024Q3,@datadog/browser-rum,301825
2024-08-08,2024-08-08,2024Q3,@datadog/browser-rum,300320
2024-08-09,2024-08-09,2024Q3,@datadog/browser-rum,258156
2024-08-10,2024-08-10,2024Q3,@datadog/browser-rum,34078
2024-08-11,2024-08-11,2024Q3,@datadog/browser-rum,32451
2024-08-12,2024-08-12,2024Q3,@datadog/browser-rum,267272
2024-08-13,2024-08-13,2024Q3,@datadog/browser-rum,299810
2024-08-14,2024-08-14,2024Q3,@datadog/browser-rum,287603
2024-08-15,2024-08-15,2024Q3,@datadog/browser-rum,248486
2024-08-16,2024-08-16,2024Q3,@datadog/browser-rum,242344
2024-08-17,2024-08-17,2024Q3,@datadog/browser-rum,36977
2024-08-18,2024-08-18,2024Q3,@datadog/browser-rum,34197
2024-08-19,2024-08-19,2024Q3,@datadog/browser-rum,273758
2024-08-20,2024-08-20,2024Q3,@datadog/browser-rum,303484
2024-08-21,2024-08-21,2024Q3,@datadog/browser-rum,295668
2024-08-22,2024-08-22,2024Q3,@datadog/browser-rum,303694
2024-08-23,2024-08-23,2024Q3,@datadog/browser-rum,248176
2024-08-24,2024-08-24,2024Q3,@datadog/browser-rum,35648
2024-08-25,2024-08-25,2024Q3,@datadog/browser-rum,32661
2024-08-26,2024-08-26,2024Q3,@datadog/browser-rum,272682
2024-08-27,2024-08-27,2024Q3,@datadog/browser-rum,316784
2024-08-28,2024-08-28,2024Q3,@datadog/browser-rum,313483
2024-08-29,2024-08-29,2024Q3,@datadog/browser-rum,323808
2024-08-30,2024-08-30,2024Q3,@datadog/browser-rum,245056
2024-08-31,2024-08-31,2024Q3,@datadog/browser-rum,37137
2024-09-01,2024-09-01,2024Q3,@datadog/browser-rum,34752
2024-09-02,2024-09-02,2024Q3,@datadog/browser-rum,181031
2024-09-03,2024-09-03,2024Q3,@datadog/browser-rum,294372
2024-09-04,2024-09-04,2024Q3,@datadog/browser-rum,323338
2024-09-05,2024-09-05,2024Q3,@datadog/browser-rum,310364
2024-09-06,2024-09-06,2024Q3,@datadog/browser-rum,262338
2024-09-07,2024-09-07,2024Q3,@datadog/browser-rum,38130
2024-09-08,2024-09-08,2024Q3,@datadog/browser-rum,34058
2024-09-09,2024-09-09,2024Q3,@datadog/browser-rum,293655
2024-09-10,2024-09-10,2024Q3,@datadog/browser-rum,321416
2024-09-11,2024-09-11,2024Q3,@datadog/browser-rum,312625
2024-09-12,2024-09-12,2024Q3,@datadog/browser-rum,323071
2024-09-13,2024-09-13,2024Q3,@datadog/browser-rum,265872
2024-09-14,2024-09-14,2024Q3,@datadog/browser-rum,37690
2024-09-15,2024-09-15,2024Q3,@datadog/browser-rum,33431
2024-09-16,2024-09-16,2024Q3,@datadog/browser-rum,284943
2024-09-17,2024-09-17,2024Q3,@datadog/browser-rum,310797
2024-09-18,2024-09-18,2024Q3,@datadog/browser-rum,326830
2024-09-19,2024-09-19,2024Q3,@datadog/browser-rum,320219
2024-09-20,2024-09-20,2024Q3,@datadog/browser-rum,267956
2024-09-21,2024-09-21,2024Q3,@datadog/browser-rum,36067
2024-09-22,2024-09-22,2024Q3,@datadog/browser-rum,32389
2024-09-23,2024-09-23,2024Q3,@datadog/browser-rum,304833
2024-09-24,2024-09-24,2024Q3,@datadog/browser-rum,326283
2024-09-25,2024-09-25,2024Q3,@datadog/browser-rum,320919
2024-09-26,2024-09-26,2024Q3,@datadog/browser-rum,319525
2024-09-27,2024-09-27,2024Q3,@datadog/browser-rum,273176
2024-09-28,2024-09-28,2024Q3,@datadog/browser-rum,38457
2024-09-29,2024-09-29,2024Q3,@datadog/browser-rum,34688
2024-09-30,2024-09-30,2024Q3,@datadog/browser-rum,304439
2024-10-01,2024-10-01,2024Q4,@datadog/browser-rum,313024
2024-10-02,2024-10-02,2024Q4,@datadog/browser-rum,301874
2024-10-03,2024-10-03,2024Q4,@datadog/browser-rum,295843
2024-10-04,2024-10-04,2024Q4,@datadog/browser-rum,247759
2024-10-05,2024-10-05,2024Q4,@datadog/browser-rum,34973
2024-10-06,2024-10-06,2024Q4,@datadog/browser-rum,33387
2024-10-07,2024-10-07,2024Q4,@datadog/browser-rum,299761
2024-10-08,2024-10-08,2024Q4,@datadog/browser-rum,317832
2024-10-09,2024-10-09,2024Q4,@datadog/browser-rum,321500
2024-10-10,2024-10-10,2024Q4,@datadog/browser-rum,308665
2024-10-11,2024-10-11,2024Q4,@datadog/browser-rum,250034
2024-10-12,2024-10-12,2024Q4,@datadog/browser-rum,36243
2024-10-13,2024-10-13,2024Q4,@datadog/browser-rum,35187
2024-10-14,2024-10-14,2024Q4,@datadog/browser-rum,242713
2024-10-15,2024-10-15,2024Q4,@datadog/browser-rum,318768
2024-10-16,2024-10-16,2024Q4,@datadog/browser-rum,327765
2024-10-17,2024-10-17,2024Q4,@datadog/browser-rum,319819
2024-10-18,2024-10-18,2024Q4,@datadog/browser-rum,261750
2024-10-19,2024-10-19,2024Q4,@datadog/browser-rum,38863
2024-10-20,2024-10-20,2024Q4,@datadog/browser-rum,36841
2024-10-21,2024-10-21,2024Q4,@datadog/browser-rum,322212
2024-10-22,2024-10-22,2024Q4,@datadog/browser-rum,337779
2024-10-23,2024-10-23,2024Q4,@datadog/browser-rum,339189
2024-10-24,2024-10-24,2024Q4,@datadog/browser-rum,334061
2024-10-25,2024-10-25,2024Q4,@datadog/browser-rum,279667
2024-10-26,2024-10-26,2024Q4,@datadog/browser-rum,51632
2024-10-27,2024-10-27,2024Q4,@datadog/browser-rum,45437
2024-10-28,2024-10-28,2024Q4,@datadog/browser-rum,322780
2024-10-29,2024-10-29,2024Q4,@datadog/browser-rum,345311
2024-10-30,2024-10-30,2024Q4,@datadog/browser-rum,345922
2024-10-31,2024-10-31,2024Q4,@datadog/browser-rum,318637
2024-11-01,2024-11-01,2024Q4,@datadog/browser-rum,239046
2024-11-02,2024-11-02,2024Q4,@datadog/browser-rum,49282
2024-11-03,2024-11-03,2024Q4,@datadog/browser-rum,44922
2024-11-04,2024-11-04,2024Q4,@datadog/browser-rum,306198
2024-11-05,2024-11-05,2024Q4,@datadog/browser-rum,328127
2024-11-06,2024-11-06,2024Q4,@datadog/browser-rum,325237
2024-11-07,2024-11-07,2024Q4,@datadog/browser-rum,343377
2024-11-08,2024-11-08,2024Q4,@datadog/browser-rum,304821
2024-11-09,2024-11-09,2024Q4,@datadog/browser-rum,60013
2024-11-10,2024-11-10,2024Q4,@datadog/browser-rum,46894
2024-11-11,2024-11-11,2024Q4,@datadog/browser-rum,273842
2024-11-12,2024-11-12,2024Q4,@datadog/browser-rum,339054
2024-11-13,2024-11-13,2024Q4,@datadog/browser-rum,356189
2024-11-14,2024-11-14,2024Q4,@datadog/browser-rum,304454
2024-11-15,2024-11-15,2024Q4,@datadog/browser-rum,303355
2024-11-16,2024-11-16,2024Q4,@datadog/browser-rum,61199
2024-11-17,2024-11-17,2024Q4,@datadog/browser-rum,46851
2024-11-18,2024-11-18,2024Q4,@datadog/browser-rum,349283
2024-11-19,2024-11-19,2024Q4,@datadog/browser-rum,376953
2024-11-20,2024-11-20,2024Q4,@datadog/browser-rum,366658
2024-11-21,2024-11-21,2024Q4,@datadog/browser-rum,380054
2024-11-22,2024-11-22,2024Q4,@datadog/browser-rum,334968
2024-11-23,2024-11-23,2024Q4,@datadog/browser-rum,56482
2024-11-24,2024-11-24,2024Q4,@datadog/browser-rum,49509
2024-11-25,2024-11-25,2024Q4,@datadog/browser-rum,344160
2024-11-26,2024-11-26,2024Q4,@datadog/browser-rum,362162
2024-11-27,2024-11-27,2024Q4,@datadog/browser-rum,324221
2024-11-28,2024-11-28,2024Q4,@datadog/browser-rum,235674
2024-11-29,2024-11-29,2024Q4,@datadog/browser-rum,188728
2024-11-30,2024-11-30,2024Q4,@datadog/browser-rum,33377
2024-12-01,2024-12-01,2024Q4,@datadog/browser-rum,43504
2024-12-02,2024-12-02,2024Q4,@datadog/browser-rum,345737
2024-12-03,2024-12-03,2024Q4,@datadog/browser-rum,380348
2024-12-04,2024-12-04,2024Q4,@datadog/browser-rum,371384
2024-12-05,2024-12-05,2024Q4,@datadog/browser-rum,359904
2024-12-06,2024-12-06,2024Q4,@datadog/browser-rum,306970
2024-12-07,2024-12-07,2024Q4,@datadog/browser-rum,46491
2024-12-08,2024-12-08,2024Q4,@datadog/browser-rum,36670
2024-12-09,2024-12-09,2024Q4,@datadog/browser-rum,344217
2024-12-10,2024-12-10,2024Q4,@datadog/browser-rum,376961
2024-12-11,2024-12-11,2024Q4,@datadog/browser-rum,357251
2024-12-12,2024-12-12,2024Q4,@datadog/browser-rum,354636
2024-12-13,2024-12-13,2024Q4,@datadog/browser-rum,299903
2024-12-14,2024-12-14,2024Q4,@datadog/browser-rum,45554
2024-12-15,2024-12-15,2024Q4,@datadog/browser-rum,41747
2024-12-16,2024-12-16,2024Q4,@datadog/browser-rum,337853
2024-12-17,2024-12-17,2024Q4,@datadog/browser-rum,351951
2024-12-18,2024-12-18,2024Q4,@datadog/browser-rum,354714
2024-12-19,2024-12-19,2024Q4,@datadog/browser-rum,334401
2024-12-20,2024-12-20,2024Q4,@datadog/browser-rum,262944
2024-12-21,2024-12-21,2024Q4,@datadog/browser-rum,38258
2024-12-22,2024-12-22,2024Q4,@datadog/browser-rum,31408
2024-12-23,2024-12-23,2024Q4,@datadog/browser-rum,179256
2024-12-24,2024-12-24,2024Q4,@datadog/browser-rum,113336
2024-12-25,2024-12-25,2024Q4,@datadog/browser-rum,52256
2024-12-26,2024-12-26,2024Q4,@datadog/browser-rum,107146
2024-12-27,2024-12-27,2024Q4,@datadog/browser-rum,117477
2024-12-28,2024-12-28,2024Q4,@datadog/browser-rum,27542
2024-12-29,2024-12-29,2024Q4,@datadog/browser-rum,26595
2024-12-30,2024-12-30,2024Q4,@datadog/browser-rum,128829
2024-12-31,2024-12-31,2024Q4,@datadog/browser-rum,94504
2025-01-01,2025-01-01,2025Q1,@datadog/browser-rum,35180
2025-01-02,2025-01-02,2025Q1,@datadog/browser-rum,185778
2025-01-03,2025-01-03,2025Q1,@datadog/browser-rum,196557
2025-01-04,2025-01-04,2025Q1,@datadog/browser-rum,34223
2025-01-05,2025-01-05,2025Q1,@datadog/browser-rum,30485
2025-01-06,2025-01-06,2025Q1,@datadog/browser-rum,274515
2025-01-07,2025-01-07,2025Q1,@datadog/browser-rum,319854
2025-01-08,2025-01-08,2025Q1,@datadog/browser-rum,330760
2025-01-09,2025-01-09,2025Q1,@datadog/browser-rum,329233
2025-01-10,2025-01-10,2025Q1,@datadog/browser-rum,294634
2025-01-11,2025-01-11,2025Q1,@datadog/browser-rum,43817
2025-01-12,2025-01-12,2025Q1,@datadog/browser-rum,39255
2025-01-13,2025-01-13,2025Q1,@datadog/browser-rum,303259
2025-01-14,2025-01-14,2025Q1,@datadog/browser-rum,333821
2025-01-15,2025-01-15,2025Q1,@datadog/browser-rum,336387
2025-01-16,2025-01-16,2025Q1,@datadog/browser-rum,336499
2025-01-17,2025-01-17,2025Q1,@datadog/browser-rum,310576
2025-01-18,2025-01-18,2025Q1,@datadog/browser-rum,46002
2025-01-19,2025-01-19,2025Q1,@datadog/browser-rum,41832
2025-01-20,2025-01-20,2025Q1,@datadog/browser-rum,239047
2025-01-21,2025-01-21,2025Q1,@datadog/browser-rum,335273
2025-01-22,2025-01-22,2025Q1,@datadog/browser-rum,355999
2025-01-23,2025-01-23,2025Q1,@datadog/browser-rum,352218
2025-01-24,2025-01-24,2025Q1,@datadog/browser-rum,327484
2025-01-25,2025-01-25,2025Q1,@datadog/browser-rum,48429
2025-01-26,2025-01-26,2025Q1,@datadog/browser-rum,39809
2025-01-27,2025-01-27,2025Q1,@datadog/browser-rum,320270
2025-01-28,2025-01-28,2025Q1,@datadog/browser-rum,357422
2025-01-29,2025-01-29,2025Q1,@datadog/browser-rum,351109
2025-01-30,2025-01-30,2025Q1,@datadog/browser-rum,343782
2025-01-31,2025-01-31,2025Q1,@datadog/browser-rum,309462
2025-02-01,2025-02-01,2025Q1,@datadog/browser-rum,54461
2025-02-02,2025-02-02,2025Q1,@datadog/browser-rum,38429
2025-02-03,2025-02-03,2025Q1,@datadog/browser-rum,346320
2025-02-04,2025-02-04,2025Q1,@datadog/browser-rum,364461
2025-02-05,2025-02-05,2025Q1,@datadog/browser-rum,363461
2025-02-06,2025-02-06,2025Q1,@datadog/browser-rum,366432
2025-02-07,2025-02-07,2025Q1,@datadog/browser-rum,324537
2025-02-08,2025-02-08,2025Q1,@datadog/browser-rum,44696
2025-02-09,2025-02-09,2025Q1,@datadog/browser-rum,37374
2025-02-10,2025-02-10,2025Q1,@datadog/browser-rum,344785
2025-02-11,2025-02-11,2025Q1,@datadog/browser-rum,360694
2025-02-12,2025-02-12,2025Q1,@datadog/browser-rum,373477
2025-02-13,2025-02-13,2025Q1,@datadog/browser-rum,378148
2025-02-14,2025-02-14,2025Q1,@datadog/browser-rum,325529
2025-02-15,2025-02-15,2025Q1,@datadog/browser-rum,43772
2025-02-16,2025-02-16,2025Q1,@datadog/browser-rum,39456
2025-02-17,2025-02-17,2025Q1,@datadog/browser-rum,253672
2025-02-18,2025-02-18,2025Q1,@datadog/browser-rum,357958
2025-02-19,2025-02-19,2025Q1,@datadog/browser-rum,381127
2025-02-20,2025-02-20,2025Q1,@datadog/browser-rum,361684
2025-02-21,2025-02-21,2025Q1,@datadog/browser-rum,322220
2025-02-22,2025-02-22,2025Q1,@datadog/browser-rum,47050
2025-02-23,2025-02-23,2025Q1,@datadog/browser-rum,41120
2025-02-24,2025-02-24,2025Q1,@datadog/browser-rum,349236
2025-02-25,2025-02-25,2025Q1,@datadog/browser-rum,389552
2025-02-26,2025-02-26,2025Q1,@datadog/browser-rum,380382
2025-02-27,2025-02-27,2025Q1,@datadog/browser-rum,384346
2025-02-28,2025-02-28,2025Q1,@datadog/browser-rum,328884
2025-03-01,2025-03-01,2025Q1,@datadog/browser-rum,53087
2025-03-02,2025-03-02,2025Q1,@datadog/browser-rum,39498
2025-03-03,2025-03-03,2025Q1,@datadog/browser-rum,343126
2025-03-04,2025-03-04,2025Q1,@datadog/browser-rum,370591
2025-03-05,2025-03-05,2025Q1,@datadog/browser-rum,369931
2025-03-06,2025-03-06,2025Q1,@datadog/browser-rum,385986
2025-03-07,2025-03-07,2025Q1,@datadog/browser-rum,356323
2025-03-08,2025-03-08,2025Q1,@datadog/browser-rum,52828
2025-03-09,2025-03-09,2025Q1,@datadog/browser-rum,39511
2025-03-10,2025-03-10,2025Q1,@datadog/browser-rum,376981
2025-03-11,2025-03-11,2025Q1,@datadog/browser-rum,411859
2025-03-12,2025-03-12,2025Q1,@datadog/browser-rum,412932
2025-03-13,2025-03-13,2025Q1,@datadog/browser-rum,409697
2025-03-14,2025-03-14,2025Q1,@datadog/browser-rum,353084
2025-03-15,2025-03-15,2025Q1,@datadog/browser-rum,50602
2025-03-16,2025-03-16,2025Q1,@datadog/browser-rum,46130
2025-03-17,2025-03-17,2025Q1,@datadog/browser-rum,389977
2025-03-18,2025-03-18,2025Q1,@datadog/browser-rum,408833
2025-03-19,2025-03-19,2025Q1,@datadog/browser-rum,393565
2025-03-20,2025-03-20,2025Q1,@datadog/browser-rum,390282
2025-03-21,2025-03-21,2025Q1,@datadog/browser-rum,344182
2025-03-22,2025-03-22,2025Q1,@datadog/browser-rum,45018
2025-03-23,2025-03-23,2025Q1,@datadog/browser-rum,41406
2025-03-24,2025-03-24,2025Q1,@datadog/browser-rum,404892
2025-03-25,2025-03-25,2025Q1,@datadog/browser-rum,440531
2025-03-26,2025-03-26,2025Q1,@datadog/browser-rum,432135
2025-03-27,2025-03-27,2025Q1,@datadog/browser-rum,425517
2025-03-28,2025-03-28,2025Q1,@datadog/browser-rum,373462
2025-03-29,2025-03-29,2025Q1,@datadog/browser-rum,47231
2025-03-30,2025-03-30,2025Q1,@datadog/browser-rum,40554
2025-03-31,2025-03-31,2025Q1,@datadog/browser-rum,375636
2025-04-01,2025-04-01,2025Q2,@datadog/browser-rum,436001
2025-04-02,2025-04-02,2025Q2,@datadog/browser-rum,411883
2025-04-03,2025-04-03,2025Q2,@datadog/browser-rum,397560
2025-04-04,2025-04-04,2025Q2,@datadog/browser-rum,356536
2025-04-05,2025-04-05,2025Q2,@datadog/browser-rum,55771
2025-04-06,2025-04-06,2025Q2,@datadog/browser-rum,51889
2025-04-07,2025-04-07,2025Q2,@datadog/browser-rum,394049
2025-04-08,2025-04-08,2025Q2,@datadog/browser-rum,447500
2025-04-09,2025-04-09,2025Q2,@datadog/browser-rum,413699
2025-04-10,2025-04-10,2025Q2,@datadog/browser-rum,410361
2025-04-11,2025-04-11,2025Q2,@datadog/browser-rum,365032
2025-04-12,2025-04-12,2025Q2,@datadog/browser-rum,47099
2025-04-13,2025-04-13,2025Q2,@datadog/browser-rum,35597
2025-04-14,2025-04-14,2025Q2,@datadog/browser-rum,398509
2025-04-15,2025-04-15,2025Q2,@datadog/browser-rum,446415
2025-04-16,2025-04-16,2025Q2,@datadog/browser-rum,447373
2025-04-17,2025-04-17,2025Q2,@datadog/browser-rum,416468
2025-04-18,2025-04-18,2025Q2,@datadog/browser-rum,252134
2025-04-19,2025-04-19,2025Q2,@datadog/browser-rum,46257
2025-04-20,2025-04-20,2025Q2,@datadog/browser-rum,38131
2025-04-21,2025-04-21,2025Q2,@datadog/browser-rum,300803
2025-04-22,2025-04-22,2025Q2,@datadog/browser-rum,432429
2025-04-23,2025-04-23,2025Q2,@datadog/browser-rum,437575
2025-04-24,2025-04-24,2025Q2,@datadog/browser-rum,436458
2025-04-25,2025-04-25,2025Q2,@datadog/browser-rum,369315
2025-04-26,2025-04-26,2025Q2,@datadog/browser-rum,44837
2025-04-27,2025-04-27,2025Q2,@datadog/browser-rum,42869
2025-04-28,2025-04-28,2025Q2,@datadog/browser-rum,401974
2025-04-29,2025-04-29,2025Q2,@datadog/browser-rum,421781
2025-04-30,2025-04-30,2025Q2,@datadog/browser-rum,437371
2025-05-01,2025-05-01,2025Q2,@datadog/browser-rum,315322
2025-05-02,2025-05-02,2025Q2,@datadog/browser-rum,334187
2025-05-03,2025-05-03,2025Q2,@datadog/browser-rum,44371
2025-05-04,2025-05-04,2025Q2,@datadog/browser-rum,38088
2025-05-05,2025-05-05,2025Q2,@datadog/browser-rum,362549
2025-05-06,2025-05-06,2025Q2,@datadog/browser-rum,411539
2025-05-07,2025-05-07,2025Q2,@datadog/browser-rum,444207
2025-05-08,2025-05-08,2025Q2,@datadog/browser-rum,414905
2025-05-09,2025-05-09,2025Q2,@datadog/browser-rum,367462
2025-05-10,2025-05-10,2025Q2,@datadog/browser-rum,44703
2025-05-11,2025-05-11,2025Q2,@datadog/browser-rum,39530
2025-05-12,2025-05-12,2025Q2,@datadog/browser-rum,416176
2025-05-13,2025-05-13,2025Q2,@datadog/browser-rum,436988
2025-05-14,2025-05-14,2025Q2,@datadog/browser-rum,426548
2025-05-15,2025-05-15,2025Q2,@datadog/browser-rum,423517
2025-05-16,2025-05-16,2025Q2,@datadog/browser-rum,376243
2025-05-17,2025-05-17,2025Q2,@datadog/browser-rum,50190
2025-05-18,2025-05-18,2025Q2,@datadog/browser-rum,45557
2025-05-19,2025-05-19,2025Q2,@datadog/browser-rum,405584
2025-05-20,2025-05-20,2025Q2,@datadog/browser-rum,469834
2025-05-21,2025-05-21,2025Q2,@datadog/browser-rum,459223
2025-05-22,2025-05-22,2025Q2,@datadog/browser-rum,437516
2025-05-23,2025-05-23,2025Q2,@datadog/browser-rum,371764
2025-05-24,2025-05-24,2025Q2,@datadog/browser-rum,48107
2025-05-25,2025-05-25,2025Q2,@datadog/browser-rum,41648
2025-05-26,2025-05-26,2025Q2,@datadog/browser-rum,236773
2025-05-27,2025-05-27,2025Q2,@datadog/browser-rum,458577
2025-05-28,2025-05-28,2025Q2,@datadog/browser-rum,433949
2025-05-29,2025-05-29,2025Q2,@datadog/browser-rum,403981
2025-05-30,2025-05-30,2025Q2,@datadog/browser-rum,361633
2025-05-31,2025-05-31,2025Q2,@datadog/browser-rum,47810
2025-06-01,2025-06-01,2025Q2,@datadog/browser-rum,45101
2025-06-02,2025-06-02,2025Q2,@datadog/browser-rum,408762
2025-06-03,2025-06-03,2025Q2,@datadog/browser-rum,453860
2025-06-04,2025-06-04,2025Q2,@datadog/browser-rum,443153
2025-06-05,2025-06-05,2025Q2,@datadog/browser-rum,422543
2025-06-06,2025-06-06,2025Q2,@datadog/browser-rum,368523
2025-06-07,2025-06-07,2025Q2,@datadog/browser-rum,55470
2025-06-08,2025-06-08,2025Q2,@datadog/browser-rum,60166
2025-06-09,2025-06-09,2025Q2,@datadog/browser-rum,392022
2025-06-10,2025-06-10,2025Q2,@datadog/browser-rum,463657
2025-06-11,2025-06-11,2025Q2,@datadog/browser-rum,467381
2025-06-12,2025-06-12,2025Q2,@datadog/browser-rum,412907
2025-06-13,2025-06-13,2025Q2,@datadog/browser-rum,406015
2025-06-14,2025-06-14,2025Q2,@datadog/browser-rum,55461
2025-06-15,2025-06-15,2025Q2,@datadog/browser-rum,56992
2025-06-16,2025-06-16,2025Q2,@datadog/browser-rum,471120
2025-06-17,2025-06-17,2025Q2,@datadog/browser-rum,470428
2025-06-18,2025-06-18,2025Q2,@datadog/browser-rum,523930
2025-06-19,2025-06-19,2025Q2,@datadog/browser-rum,307410
2025-06-20,2025-06-20,2025Q2,@datadog/browser-rum,343202
2025-06-21,2025-06-21,2025Q2,@datadog/browser-rum,54634
2025-06-22,2025-06-22,2025Q2,@datadog/browser-rum,52213
2025-06-23,2025-06-23,2025Q2,@datadog/browser-rum,437573
2025-06-24,2025-06-24,2025Q2,@datadog/browser-rum,455099
2025-06-25,2025-06-25,2025Q2,@datadog/browser-rum,454915
2025-06-26,2025-06-26,2025Q2,@datadog/browser-rum,440718
2025-06-27,2025-06-27,2025Q2,@datadog/browser-rum,377537
2025-06-28,2025-06-28,2025Q2,@datadog/browser-rum,53474
2025-06-29,2025-06-29,2025Q2,@datadog/browser-rum,47819
2025-06-30,2025-06-30,2025Q2,@datadog/browser-rum,415636
2025-07-01,2025-07-01,2025Q3,@datadog/browser-rum,437118
2025-07-02,2025-07-02,2025Q3,@datadog/browser-rum,459845
2025-07-03,2025-07-03,2025Q3,@datadog/browser-rum,418951
2025-07-04,2025-07-04,2025Q3,@datadog/browser-rum,265426
2025-07-05,2025-07-05,2025Q3,@datadog/browser-rum,48339
2025-07-06,2025-07-06,2025Q3,@datadog/browser-rum,44578
2025-07-07,2025-07-07,2025Q3,@datadog/browser-rum,442914
2025-07-08,2025-07-08,2025Q3,@datadog/browser-rum,471039
2025-07-09,2025-07-09,2025Q3,@datadog/browser-rum,442610
2025-07-10,2025-07-10,2025Q3,@datadog/browser-rum,440369
2025-07-11,2025-07-11,2025Q3,@datadog/browser-rum,401450
2025-07-12,2025-07-12,2025Q3,@datadog/browser-rum,50894
2025-07-13,2025-07-13,2025Q3,@datadog/browser-rum,46782
2025-07-14,2025-07-14,2025Q3,@datadog/browser-rum,414319
2025-07-15,2025-07-15,2025Q3,@datadog/browser-rum,460862
2025-07-16,2025-07-16,2025Q3,@datadog/browser-rum,455022
2025-07-17,2025-07-17,2025Q3,@datadog/browser-rum,444140
2025-07-18,2025-07-18,2025Q3,@datadog/browser-rum,390139
2025-07-19,2025-07-19,2025Q3,@datadog/browser-rum,57896
2025-07-20,2025-07-20,2025Q3,@datadog/browser-rum,51241
2025-07-21,2025-07-21,2025Q3,@datadog/browser-rum,415752
2025-07-22,2025-07-22,2025Q3,@datadog/browser-rum,483088
2025-07-23,2025-07-23,2025Q3,@datadog/browser-rum,468170
2025-07-24,2025-07-24,2025Q3,@datadog/browser-rum,440154
2025-07-25,2025-07-25,2025Q3,@datadog/browser-rum,380333
2025-07-26,2025-07-26,2025Q3,@datadog/browser-rum,45758
2025-07-27,2025-07-27,2025Q3,@datadog/browser-rum,46046
2025-07-28,2025-07-28,2025Q3,@datadog/browser-rum,431257
2025-07-29,2025-07-29,2025Q3,@datadog/browser-rum,475528
2025-07-30,2025-07-30,2025Q3,@datadog/browser-rum,466587
2025-07-31,2025-07-31,2025Q3,@datadog/browser-rum,438233
2025-08-01,2025-08-01,2025Q3,@datadog/browser-rum,387077
2025-08-02,2025-08-02,2025Q3,@datadog/browser-rum,48856
2025-08-03,2025-08-03,2025Q3,@datadog/browser-rum,46864
2025-08-04,2025-08-04,2025Q3,@datadog/browser-rum,421114
2025-08-05,2025-08-05,2025Q3,@datadog/browser-rum,455115
2025-08-06,2025-08-06,2025Q3,@datadog/browser-rum,471372
2025-08-07,2025-08-07,2025Q3,@datadog/browser-rum,445096
2025-08-08,2025-08-08,2025Q3,@datadog/browser-rum,389267
2025-08-09,2025-08-09,2025Q3,@datadog/browser-rum,50344
2025-08-10,2025-08-10,2025Q3,@datadog/browser-rum,56212
2025-08-11,2025-08-11,2025Q3,@datadog/browser-rum,422430
2025-08-12,2025-08-12,2025Q3,@datadog/browser-rum,479201
2025-08-13,2025-08-13,2025Q3,@datadog/browser-rum,475707
2025-08-14,2025-08-14,2025Q3,@datadog/browser-rum,449103
2025-08-15,2025-08-15,2025Q3,@datadog/browser-rum,347607
2025-08-16,2025-08-16,2025Q3,@datadog/browser-rum,51471
2025-08-17,2025-08-17,2025Q3,@datadog/browser-rum,49516
2025-08-18,2025-08-18,2025Q3,@datadog/browser-rum,447892
2025-08-19,2025-08-19,2025Q3,@datadog/browser-rum,494319
2025-08-20,2025-08-20,2025Q3,@datadog/browser-rum,491985
2025-08-21,2025-08-21,2025Q3,@datadog/browser-rum,473002
2025-08-22,2025-08-22,2025Q3,@datadog/browser-rum,422912
2025-08-23,2025-08-23,2025Q3,@datadog/browser-rum,69328
2025-08-24,2025-08-24,2025Q3,@datadog/browser-rum,66912
2025-08-25,2025-08-25,2025Q3,@datadog/browser-rum,440660
2025-08-26,2025-08-26,2025Q3,@datadog/browser-rum,485160
2025-08-27,2025-08-27,2025Q3,@datadog/browser-rum,475458
2025-08-28,2025-08-28,2025Q3,@datadog/browser-rum,474035
2025-08-29,2025-08-29,2025Q3,@datadog/browser-rum,394789
2025-08-30,2025-08-30,2025Q3,@datadog/browser-rum,50463
2025-08-31,2025-08-31,2025Q3,@datadog/browser-rum,53277
2025-09-01,2025-09-01,2025Q3,@datadog/browser-rum,280313
2025-09-02,2025-09-02,2025Q3,@datadog/browser-rum,451002
2025-09-03,2025-09-03,2025Q3,@datadog/browser-rum,488033
2025-09-04,2025-09-04,2025Q3,@datadog/browser-rum,487638
2025-09-05,2025-09-05,2025Q3,@datadog/browser-rum,410878
2025-09-06,2025-09-06,2025Q3,@datadog/browser-rum,61152
2025-09-07,2025-09-07,2025Q3,@datadog/browser-rum,64304
2025-09-08,2025-09-08,2025Q3,@datadog/browser-rum,481561
2025-09-09,2025-09-09,2025Q3,@datadog/browser-rum,507263
2025-09-10,2025-09-10,2025Q3,@datadog/browser-rum,502108
2025-09-11,2025-09-11,2025Q3,@datadog/browser-rum,483954
2025-09-12,2025-09-12,2025Q3,@datadog/browser-rum,431052
2025-09-13,2025-09-13,2025Q3,@datadog/browser-rum,65516
2025-09-14,2025-09-14,2025Q3,@datadog/browser-rum,62216
2025-09-15,2025-09-15,2025Q3,@datadog/browser-rum,462427
2025-09-16,2025-09-16,2025Q3,@datadog/browser-rum,496834
2025-09-17,2025-09-17,2025Q3,@datadog/browser-rum,496886
2025-09-18,2025-09-18,2025Q3,@datadog/browser-rum,501279
2025-09-19,2025-09-19,2025Q3,@datadog/browser-rum,450393
2025-09-20,2025-09-20,2025Q3,@datadog/browser-rum,61998
2025-09-21,2025-09-21,2025Q3,@datadog/browser-rum,56771
2025-09-22,2025-09-22,2025Q3,@datadog/browser-rum,488865
2025-09-23,2025-09-23,2025Q3,@datadog/browser-rum,474804
2025-09-24,2025-09-24,2025Q3,@datadog/browser-rum,496014
2025-09-25,2025-09-25,2025Q3,@datadog/browser-rum,540595
2025-09-26,2025-09-26,2025Q3,@datadog/browser-rum,449399
2025-09-27,2025-09-27,2025Q3,@datadog/browser-rum,58336
2025-09-28,2025-09-28,2025Q3,@datadog/browser-rum,63049
2025-09-29,2025-09-29,2025Q3,@datadog/browser-rum,500525
2025-09-30,2025-09-30,2025Q3,@datadog/browser-rum,536344
2025-10-01,2025-10-01,2025Q4,@datadog/browser-rum,506160
2025-10-02,2025-10-02,2025Q4,@datadog/browser-rum,464937
2025-10-03,2025-10-03,2025Q4,@datadog/browser-rum,415138
2025-10-04,2025-10-04,2025Q4,@datadog/browser-rum,64635
2025-10-05,2025-10-05,2025Q4,@datadog/browser-rum,58860
2025-10-06,2025-10-06,2025Q4,@datadog/browser-rum,459676
2025-10-07,2025-10-07,2025Q4,@datadog/browser-rum,504541
2025-10-08,2025-10-08,2025Q4,@datadog/browser-rum,512653
2025-10-09,2025-10-09,2025Q4,@datadog/browser-rum,494267
2025-10-10,2025-10-10,2025Q4,@datadog/browser-rum,429709
2025-10-11,2025-10-11,2025Q4,@datadog/browser-rum,69265
2025-10-12,2025-10-12,2025Q4,@datadog/browser-rum,56312
2025-10-13,2025-10-13,2025Q4,@datadog/browser-rum,393534
2025-10-14,2025-10-14,2025Q4,@datadog/browser-rum,501489
2025-10-15,2025-10-15,2025Q4,@datadog/browser-rum,514760
2025-10-16,2025-10-16,2025Q4,@datadog/browser-rum,502851
2025-10-17,2025-10-17,2025Q4,@datadog/browser-rum,458501
2025-10-18,2025-10-18,2025Q4,@datadog/browser-rum,69141
2025-10-19,2025-10-19,2025Q4,@datadog/browser-rum,68112
2025-10-20,2025-10-20,2025Q4,@datadog/browser-rum,420061
2025-10-21,2025-10-21,2025Q4,@datadog/browser-rum,548883
2025-10-22,2025-10-22,2025Q4,@datadog/browser-rum,535042
2025-10-23,2025-10-23,2025Q4,@datadog/browser-rum,512329
2025-10-24,2025-10-24,2025Q4,@datadog/browser-rum,442379
2025-10-25,2025-10-25,2025Q4,@datadog/browser-rum,69930
2025-10-26,2025-10-26,2025Q4,@datadog/browser-rum,61926
2025-10-27,2025-10-27,2025Q4,@datadog/browser-rum,494652
2025-10-28,2025-10-28,2025Q4,@datadog/browser-rum,528920
2025-10-29,2025-10-29,2025Q4,@datadog/browser-rum,512750
2025-10-30,2025-10-30,2025Q4,@datadog/browser-rum,504860
2025-10-31,2025-10-31,2025Q4,@datadog/browser-rum,435802
2025-11-01,2025-11-01,2025Q4,@datadog/browser-rum,71590
2025-11-02,2025-11-02,2025Q4,@datadog/browser-rum,61248
2025-11-03,2025-11-03,2025Q4,@datadog/browser-rum,478562
2025-11-04,2025-11-04,2025Q4,@datadog/browser-rum,526985
2025-11-05,2025-11-05,2025Q4,@datadog/browser-rum,518282
2025-11-06,2025-11-06,2025Q4,@datadog/browser-rum,529471
2025-11-07,2025-11-07,2025Q4,@datadog/browser-rum,472271
2025-11-08,2025-11-08,2025Q4,@datadog/browser-rum,75324
2025-11-09,2025-11-09,2025Q4,@datadog/browser-rum,70155
2025-11-10,2025-11-10,2025Q4,@datadog/browser-rum,496344
2025-11-11,2025-11-11,2025Q4,@datadog/browser-rum,467033
2025-11-12,2025-11-12,2025Q4,@datadog/browser-rum,554435
2025-11-13,2025-11-13,2025Q4,@datadog/browser-rum,550588
2025-11-14,2025-11-14,2025Q4,@datadog/browser-rum,491398
2025-11-15,2025-11-15,2025Q4,@datadog/browser-rum,83981
2025-11-16,2025-11-16,2025Q4,@datadog/browser-rum,76172
2025-11-17,2025-11-17,2025Q4,@datadog/browser-rum,527169
2025-11-18,2025-11-18,2025Q4,@datadog/browser-rum,567465
2025-11-19,2025-11-19,2025Q4,@datadog/browser-rum,600213
2025-11-20,2025-11-20,2025Q4,@datadog/browser-rum,560587
2025-11-21,2025-11-21,2025Q4,@datadog/browser-rum,497803
2025-11-22,2025-11-22,2025Q4,@datadog/browser-rum,83104
2025-11-23,2025-11-23,2025Q4,@datadog/browser-rum,69568
2025-11-24,2025-11-24,2025Q4,@datadog/browser-rum,492896
2025-11-25,2025-11-25,2025Q4,@datadog/browser-rum,541660
2025-11-26,2025-11-26,2025Q4,@datadog/browser-rum,482378
2025-11-27,2025-11-27,2025Q4,@datadog/browser-rum,333461
2025-11-28,2025-11-28,2025Q4,@datadog/browser-rum,278672
2025-11-29,2025-11-29,2025Q4,@datadog/browser-rum,50941
2025-11-30,2025-11-30,2025Q4,@datadog/browser-rum,63928
2025-12-01,2025-12-01,2025Q4,@datadog/browser-rum,498169
2025-12-02,2025-12-02,2025Q4,@datadog/browser-rum,555696
2025-12-03,2025-12-03,2025Q4,@datadog/browser-rum,571072
2025-12-04,2025-12-04,2025Q4,@datadog/browser-rum,579364
2025-12-05,2025-12-05,2025Q4,@datadog/browser-rum,473968
2025-12-06,2025-12-06,2025Q4,@datadog/browser-rum,78204
2025-12-07,2025-12-07,2025Q4,@datadog/browser-rum,79005
2025-12-08,2025-12-08,2025Q4,@datadog/browser-rum,510028
2025-12-09,2025-12-09,2025Q4,@datadog/browser-rum,579774
2025-12-10,2025-12-10,2025Q4,@datadog/browser-rum,579463
2025-12-11,2025-12-11,2025Q4,@datadog/browser-rum,580398
2025-12-12,2025-12-12,2025Q4,@datadog/browser-rum,496740
2025-12-13,2025-12-13,2025Q4,@datadog/browser-rum,77007
2025-12-14,2025-12-14,2025Q4,@datadog/browser-rum,71483
2025-12-15,2025-12-15,2025Q4,@datadog/browser-rum,532342
2025-12-16,2025-12-16,2025Q4,@datadog/browser-rum,569418
2025-12-17,2025-12-17,2025Q4,@datadog/browser-rum,555542
2025-12-18,2025-12-18,2025Q4,@datadog/browser-rum,528104
2025-12-19,2025-12-19,2025Q4,@datadog/browser-rum,455923
2025-12-20,2025-12-20,2025Q4,@datadog/browser-rum,76058
2025-12-21,2025-12-21,2025Q4,@datadog/browser-rum,69260
2025-12-22,2025-12-22,2025Q4,@datadog/browser-rum,364793
2025-12-23,2025-12-23,2025Q4,@datadog/browser-rum,359647
2025-12-24,2025-12-24,2025Q4,@datadog/browser-rum,206150
2025-12-25,2025-12-25,2025Q4,@datadog/browser-rum,89945
2025-12-26,2025-12-26,2025Q4,@datadog/browser-rum,129448
2025-12-27,2025-12-27,2025Q4,@datadog/browser-rum,43378
2025-12-28,2025-12-28,2025Q4,@datadog/browser-rum,55533
2025-12-29,2025-12-29,2025Q4,@datadog/browser-rum,235807
2025-12-30,2025-12-30,2025Q4,@datadog/browser-rum,235779
2025-12-31,2025-12-31,2025Q4,@datadog/browser-rum,170335
2026-01-01,2026-01-01,2026Q1,@datadog/browser-rum,72699
2026-01-02,2026-01-02,2026Q1,@datadog/browser-rum,197740
2026-01-03,2026-01-03,2026Q1,@datadog/browser-rum,47393
2026-01-04,2026-01-04,2026Q1,@datadog/browser-rum,63614
2026-01-05,2026-01-05,2026Q1,@datadog/browser-rum,482443
2026-01-06,2026-01-06,2026Q1,@datadog/browser-rum,515072
2026-01-07,2026-01-07,2026Q1,@datadog/browser-rum,557519
2026-01-08,2026-01-08,2026Q1,@datadog/browser-rum,574210
2026-01-09,2026-01-09,2026Q1,@datadog/browser-rum,529854
2026-01-10,2026-01-10,2026Q1,@datadog/browser-rum,89637
2026-01-11,2026-01-11,2026Q1,@datadog/browser-rum,79950
2026-01-12,2026-01-12,2026Q1,@datadog/browser-rum,540331
2026-01-13,2026-01-13,2026Q1,@datadog/browser-rum,638017
2026-01-14,2026-01-14,2026Q1,@datadog/browser-rum,616028
2026-01-15,2026-01-15,2026Q1,@datadog/browser-rum,600494
2026-01-16,2026-01-16,2026Q1,@datadog/browser-rum,523335
2026-01-17,2026-01-17,2026Q1,@datadog/browser-rum,91276
2026-01-18,2026-01-18,2026Q1,@datadog/browser-rum,81840
2026-01-19,2026-01-19,2026Q1,@datadog/browser-rum,408828
2026-01-20,2026-01-20,2026Q1,@datadog/browser-rum,596272
2026-01-21,2026-01-21,2026Q1,@datadog/browser-rum,639825
2026-01-22,2026-01-22,2026Q1,@datadog/browser-rum,652281
2026-01-23,2026-01-23,2026Q1,@datadog/browser-rum,577222
2026-01-24,2026-01-24,2026Q1,@datadog/browser-rum,103096
2026-01-25,2026-01-25,2026Q1,@datadog/browser-rum,98131
2026-01-26,2026-01-26,2026Q1,@datadog/browser-rum,571808
2026-01-27,2026-01-27,2026Q1,@datadog/browser-rum,671471
2026-01-28,2026-01-28,2026Q1,@datadog/browser-rum,664679
2026-01-29,2026-01-29,2026Q1,@datadog/browser-rum,642922
2026-01-30,2026-01-30,2026Q1,@datadog/browser-rum,571734
2026-01-31,2026-01-31,2026Q1,@datadog/browser-rum,102465
2026-02-01,2026-02-01,2026Q1,@datadog/browser-rum,98815
2026-02-02,2026-02-02,2026Q1,@datadog/browser-rum,575404
2026-02-03,2026-02-03,2026Q1,@datadog/browser-rum,687909
2026-02-04,2026-02-04,2026Q1,@datadog/browser-rum,706282
2026-02-05,2026-02-05,2026Q1,@datadog/browser-rum,698264
2026-02-06,2026-02-06,2026Q1,@datadog/browser-rum,564664
2026-02-07,2026-02-07,2026Q1,@datadog/browser-rum,112153
2026-02-08,2026-02-08,2026Q1,@datadog/browser-rum,100235
2026-02-09,2026-02-09,2026Q1,@datadog/browser-rum,607412
2026-02-10,2026-02-10,2026Q1,@datadog/browser-rum,735969
2026-02-11,2026-02-11,2026Q1,@datadog/browser-rum,681395
2026-02-12,2026-02-12,2026Q1,@datadog/browser-rum,693235
2026-02-13,2026-02-13,2026Q1,@datadog/browser-rum,585431
2026-02-14,2026-02-14,2026Q1,@datadog/browser-rum,105131
2026-02-15,2026-02-15,2026Q1,@datadog/browser-rum,92006
2026-02-16,2026-02-16,2026Q1,@datadog/browser-rum,421682
2026-02-17,2026-02-17,2026Q1,@datadog/browser-rum,618609
2026-02-18,2026-02-18,2026Q1,@datadog/browser-rum,674407
2026-02-19,2026-02-19,2026Q1,@datadog/browser-rum,684206
2026-02-20,2026-02-20,2026Q1,@datadog/browser-rum,613563
2026-02-21,2026-02-21,2026Q1,@datadog/browser-rum,111816
2026-02-22,2026-02-22,2026Q1,@datadog/browser-rum,102196
2026-02-23,2026-02-23,2026Q1,@datadog/browser-rum,614227
2026-02-24,2026-02-24,2026Q1,@datadog/browser-rum,728853
2026-02-25,2026-02-25,2026Q1,@datadog/browser-rum,723934
2026-02-26,2026-02-26,2026Q1,@datadog/browser-rum,733276
2026-02-27,2026-02-27,2026Q1,@datadog/browser-rum,641244
2026-02-28,2026-02-28,2026Q1,@datadog/browser-rum,117681
2026-03-01,2026-03-01,2026Q1,@datadog/browser-rum,113782
2026-03-02,2026-03-02,2026Q1,@datadog/browser-rum,659371
2026-03-03,2026-03-03,2026Q1,@datadog/browser-rum,728057
2026-03-04,2026-03-04,2026Q1,@datadog/browser-rum,739683
2026-03-05,2026-03-05,2026Q1,@datadog/browser-rum,742374
2026-03-06,2026-03-06,2026Q1,@datadog/browser-rum,653523
2026-03-07,2026-03-07,2026Q1,@datadog/browser-rum,137475
2026-03-08,2026-03-08,2026Q1,@datadog/browser-rum,120335
2026-03-09,2026-03-09,2026Q1,@datadog/browser-rum,718016
2026-03-10,2026-03-10,2026Q1,@datadog/browser-rum,794536
2026-03-11,2026-03-11,2026Q1,@datadog/browser-rum,797694
2026-03-12,2026-03-12,2026Q1,@datadog/browser-rum,760018
2026-03-13,2026-03-13,2026Q1,@datadog/browser-rum,691578
2026-03-14,2026-03-14,2026Q1,@datadog/browser-rum,127020
2026-03-15,2026-03-15,2026Q1,@datadog/browser-rum,121069
2026-03-16,2026-03-16,2026Q1,@datadog/browser-rum,739777
2026-03-17,2026-03-17,2026Q1,@datadog/browser-rum,790796
2026-03-18,2026-03-18,2026Q1,@datadog/browser-rum,806007
2026-03-19,2026-03-19,2026Q1,@datadog/browser-rum,800487
2026-03-20,2026-03-20,2026Q1,@datadog/browser-rum,650613
2026-03-21,2026-03-21,2026Q1,@datadog/browser-rum,117739
2026-03-22,2026-03-22,2026Q1,@datadog/browser-rum,106733
2026-03-23,2026-03-23,2026Q1,@datadog/browser-rum,739449
2026-03-24,2026-03-24,2026Q1,@datadog/browser-rum,813465
2026-03-25,2026-03-25,2026Q1,@datadog/browser-rum,817002
2026-03-26,2026-03-26,2026Q1,@datadog/browser-rum,835938
2026-03-27,2026-03-27,2026Q1,@datadog/browser-rum,723303
2026-03-28,2026-03-28,2026Q1,@datadog/browser-rum,122980
2026-03-29,2026-03-29,2026Q1,@datadog/browser-rum,121832
2026-03-30,2026-03-30,2026Q1,@datadog/browser-rum,772032
2026-03-31,2026-03-31,2026Q1,@datadog/browser-rum,808532
2026-04-01,2026-04-01,2026Q2,@datadog/browser-rum,804774
2026-04-02,2026-04-02,2026Q2,@datadog/browser-rum,756690
2026-04-03,2026-04-03,2026Q2,@datadog/browser-rum,496965
2026-04-04,2026-04-04,2026Q2,@datadog/browser-rum,120693
2026-04-05,2026-04-05,2026Q2,@datadog/browser-rum,103458
2026-04-06,2026-04-06,2026Q2,@datadog/browser-rum,602015
2026-04-07,2026-04-07,2026Q2,@datadog/browser-rum,806988
2026-04-08,2026-04-08,2026Q2,@datadog/browser-rum,832738
2026-04-09,2026-04-09,2026Q2,@datadog/browser-rum,848947
2026-04-10,2026-04-10,2026Q2,@datadog/browser-rum,719273
2026-04-11,2026-04-11,2026Q2,@datadog/browser-rum,124326
2026-04-12,2026-04-12,2026Q2,@datadog/browser-rum,125371
2026-04-13,2026-04-13,2026Q2,@datadog/browser-rum,774293
2026-04-14,2026-04-14,2026Q2,@datadog/browser-rum,855602
2026-04-15,2026-04-15,2026Q2,@datadog/browser-rum,861374
2026-04-16,2026-04-16,2026Q2,@datadog/browser-rum,854021
2026-04-17,2026-04-17,2026Q2,@datadog/browser-rum,742937
2026-04-18,2026-04-18,2026Q2,@datadog/browser-rum,139414
2026-04-19,2026-04-19,2026Q2,@datadog/browser-rum,134990
2026-04-20,2026-04-20,2026Q2,@datadog/browser-rum,761607
2026-04-21,2026-04-21,2026Q2,@datadog/browser-rum,854840
2026-04-22,2026-04-22,2026Q2,@datadog/browser-rum,860397
2026-04-23,2026-04-23,2026Q2,@datadog/browser-rum,859684
2026-04-24,2026-04-24,2026Q2,@datadog/browser-rum,778145
2026-04-25,2026-04-25,2026Q2,@datadog/browser-rum,164787
2026-04-26,2026-04-26,2026Q2,@datadog/browser-rum,156013
2026-04-27,2026-04-27,2026Q2,@datadog/browser-rum,836101
2026-04-28,2026-04-28,2026Q2,@datadog/browser-rum,908615
2026-04-29,2026-04-29,2026Q2,@datadog/browser-rum,880199
2026-04-30,2026-04-30,2026Q2,@datadog/browser-rum,881275
2026-05-01,2026-05-01,2026Q2,@datadog/browser-rum,581099
2026-05-02,2026-05-02,2026Q2,@datadog/browser-rum,181084
2026-05-03,2026-05-03,2026Q2,@datadog/browser-rum,176645
2026-05-04,2026-05-04,2026Q2,@datadog/browser-rum,781942
2026-05-05,2026-05-05,2026Q2,@datadog/browser-rum,875905
2026-05-06,2026-05-06,2026Q2,@datadog/browser-rum,917638
2026-05-07,2026-05-07,2026Q2,@datadog/browser-rum,948934
2026-05-08,2026-05-08,2026Q2,@datadog/browser-rum,804276
2026-05-09,2026-05-09,2026Q2,@datadog/browser-rum,184401
2026-05-10,2026-05-10,2026Q2,@datadog/browser-rum,155576
2026-05-11,2026-05-11,2026Q2,@datadog/browser-rum,880235
2026-05-12,2026-05-12,2026Q2,@datadog/browser-rum,964994
2026-05-13,2026-05-13,2026Q2,@datadog/browser-rum,0
2026-05-14,2026-05-14,2026Q2,@datadog/browser-rum,854493
2026-05-15,2026-05-15,2026Q2,@datadog/browser-rum,780218
2026-05-16,2026-05-16,2026Q2,@datadog/browser-rum,161364
2026-05-17,2026-05-17,2026Q2,@datadog/browser-rum,156183
2026-05-18,2026-05-18,2026Q2,@datadog/browser-rum,849546
2026-05-19,2026-05-19,2026Q2,@datadog/browser-rum,948128
2026-05-20,2026-05-20,2026Q2,@datadog/browser-rum,957936
2026-05-21,2026-05-21,2026Q2,@datadog/browser-rum,931415
2026-05-22,2026-05-22,2026Q2,@datadog/browser-rum,795503
2026-05-23,2026-05-23,2026Q2,@datadog/browser-rum,159223
2026-05-24,2026-05-24,2026Q2,@datadog/browser-rum,158038
2026-05-25,2026-05-25,2026Q2,@datadog/browser-rum,467528
2026-05-26,2026-05-26,2026Q2,@datadog/browser-rum,843222
2026-05-27,2026-05-27,2026Q2,@datadog/browser-rum,921878
2026-05-28,2026-05-28,2026Q2,@datadog/browser-rum,918411
2026-05-29,2026-05-29,2026Q2,@datadog/browser-rum,828962
2026-05-30,2026-05-30,2026Q2,@datadog/browser-rum,161657
2026-05-31,2026-05-31,2026Q2,@datadog/browser-rum,145279
2026-06-01,2026-06-01,2026Q2,@datadog/browser-rum,860067
2026-06-02,2026-06-02,2026Q2,@datadog/browser-rum,966319
2026-06-03,2026-06-03,2026Q2,@datadog/browser-rum,954350
2026-06-04,2026-06-04,2026Q2,@datadog/browser-rum,948676
2026-06-05,2026-06-05,2026Q2,@datadog/browser-rum,0
2026-06-06,2026-06-06,2026Q2,@datadog/browser-rum,178934
2026-06-07,2026-06-07,2026Q2,@datadog/browser-rum,157212
2026-06-08,2026-06-08,2026Q2,@datadog/browser-rum,898523
2026-06-09,2026-06-09,2026Q2,@datadog/browser-rum,1019954
2026-06-10,2026-06-10,2026Q2,@datadog/browser-rum,1029209
2026-06-11,2026-06-11,2026Q2,@datadog/browser-rum,1028828
2026-06-12,2026-06-12,2026Q2,@datadog/browser-rum,899762
2026-06-13,2026-06-13,2026Q2,@datadog/browser-rum,176608
2026-06-14,2026-06-14,2026Q2,@datadog/browser-rum,168325
2026-06-15,2026-06-15,2026Q2,@datadog/browser-rum,931725
2026-06-16,2026-06-16,2026Q2,@datadog/browser-rum,1065825
2026-06-17,2026-06-17,2026Q2,@datadog/browser-rum,1024556
2026-06-18,2026-06-18,2026Q2,@datadog/browser-rum,1029766
2026-06-19,2026-06-19,2026Q2,@datadog/browser-rum,690213
2026-06-20,2026-06-20,2026Q2,@datadog/browser-rum,173571
2026-06-21,2026-06-21,2026Q2,@datadog/browser-rum,175509
2026-06-22,2026-06-22,2026Q2,@datadog/browser-rum,949082
2026-06-23,2026-06-23,2026Q2,@datadog/browser-rum,1040777
2026-06-24,2026-06-24,2026Q2,@datadog/browser-rum,1013805
2026-06-25,2026-06-25,2026Q2,@datadog/browser-rum,1000373
2026-06-26,2026-06-26,2026Q2,@datadog/browser-rum,894869
2026-06-27,2026-06-27,2026Q2,@datadog/browser-rum,184590
2026-06-28,2026-06-28,2026Q2,@datadog/browser-rum,177234
2026-06-29,2026-06-29,2026Q2,@datadog/browser-rum,928382
2026-06-30,2026-06-30,2026Q2,@datadog/browser-rum,1011157
2026-07-01,2026-07-01,2026Q3,@datadog/browser-rum,953990
2026-07-02,2026-07-02,2026Q3,@datadog/browser-rum,952303
2026-07-03,2026-07-03,2026Q3,@datadog/browser-rum,602985
2026-07-04,2026-07-04,2026Q3,@datadog/browser-rum,153906
2026-07-05,2026-07-05,2026Q3,@datadog/browser-rum,172218
2026-07-06,2026-07-06,2026Q3,@datadog/browser-rum,1004495
2026-07-07,2026-07-07,2026Q3,@datadog/browser-rum,1116106
2026-07-08,2026-07-08,2026Q3,@datadog/browser-rum,1163028
2026-07-09,2026-07-09,2026Q3,@datadog/browser-rum,1109857
2026-07-10,2026-07-10,2026Q3,@datadog/browser-rum,925057
2026-07-11,2026-07-11,2026Q3,@datadog/browser-rum,178728
2026-07-12,2026-07-12,2026Q3,@datadog/browser-rum,0
2026-07-13,2026-07-13,2026Q3,@datadog/browser-rum,1009717
2026-07-14,2026-07-14,2026Q3,@datadog/browser-rum,1102606
2026-07-15,2026-07-15,2026Q3,@datadog/browser-rum,1133161
2026-07-16,2026-07-16,2026Q3,@datadog/browser-rum,1083611
2026-07-17,2026-07-17,2026Q3,@datadog/browser-rum,950823
2026-07-18,2026-07-18,2026Q3,@datadog/browser-rum,201851
2026-07-19,2026-07-19,2026Q3,@datadog/browser-rum,174321
2026-07-20,2026-07-20,2026Q3,@datadog/browser-rum,1027372
2026-07-21,2026-07-21,2026Q3,@datadog/browser-rum,1234490
2026-07-22,2026-07-22,2026Q3,@datadog/browser-rum,1217314
2026-07-23,2026-07-23,2026Q3,@datadog/browser-rum,1201618
2026-07-24,2026-07-24,2026Q3,@datadog/browser-rum,1041135
2026-07-25,2026-07-25,2026Q3,@datadog/browser-rum,220784
2026-07-26,2026-07-26,2026Q3,@datadog/browser-rum,209445
2026-07-27,2026-07-27,2026Q3,@datadog/browser-rum,1119181
2026-07-28,2026-07-28,2026Q3,@datadog/browser-rum,1208563
2026-07-29,2026-07-29,2026Q3,@datadog/browser-rum,1195057
2026-07-30,2026-07-30,2026Q3,@datadog/browser-rum,1217089
2026-07-31,2026-07-31,2026Q3,@datadog/browser-rum,1017654
2026-08-01,2026-08-01,2026Q3,@datadog/browser-rum,229617
2026-08-02,2026-08-02,2026Q3,@datadog/browser-rum,214058
2026-08-03,2026-08-03,2026Q3,@datadog/browser-rum,1071073
2026-08-04,2026-08-04,2026Q3,@datadog/browser-rum,1229676
2026-08-05,2026-08-05,2026Q3,@datadog/browser-rum,1203587
2026-08-06,2026-08-06,2026Q3,@datadog/browser-rum,921411
2026-08-07,2026-08-07,2026Q3,@datadog/browser-rum,1117876
2026-08-08,2026-08-08,2026Q3,@datadog/browser-rum,241588
2026-08-09,2026-08-09,2026Q3,@datadog/browser-rum,239670
2026-08-10,2026-08-10,2026Q3,@datadog/browser-rum,1127044
2026-08-11,2026-08-11,2026Q3,@datadog/browser-rum,0
2026-08-12,2026-08-12,2026Q3,@datadog/browser-rum,1215067
2026-08-13,2026-08-13,2026Q3,@datadog/browser-rum,1213809
2026-08-14,2026-08-14,2026Q3,@datadog/browser-rum,0
2026-08-15,2026-08-15,2026Q3,@datadog/browser-rum,244968
2026-08-16,2026-08-16,2026Q3,@datadog/browser-rum,236832
2026-08-17,2026-08-17,2026Q3,@datadog/browser-rum,996070
2026-08-18,2026-08-18,2026Q3,@datadog/browser-rum,1264856
2026-08-19,2026-08-19,2026Q3,@datadog/browser-rum,1234674
2026-08-20,2026-08-20,2026Q3,@datadog/browser-rum,1188769
2026-08-21,2026-08-21,2026Q3,@datadog/browser-rum,1025124
2026-08-22,2026-08-22,2026Q3,@datadog/browser-rum,238316
2026-08-23,2026-08-23,2026Q3,@datadog/browser-rum,261690
2026-08-24,2026-08-24,2026Q3,@datadog/browser-rum,1136910
2026-08-25,2026-08-25,2026Q3,@datadog/browser-rum,1256117
2026-08-26,2026-08-26,2026Q3,@datadog/browser-rum,1207822
2026-08-27,2026-08-27,2026Q3,@datadog/browser-rum,1227119
2026-08-28,2026-08-28,2026Q3,@datadog/browser-rum,1008092
2026-08-29,2026-08-29,2026Q3,@datadog/browser-rum,249049
2026-08-30,2026-08-30,2026Q3,@datadog/browser-rum,283084
2026-08-31,2026-08-31,2026Q3,@datadog/browser-rum,1113357
2026-09-01,2026-09-01,2026Q3,@datadog/browser-rum,0
2026-09-02,2026-09-02,2026Q3,@datadog/browser-rum,0
